Topic,Count,Name,Representation,Representative_Docs
-1,3558,-1_hair_wax_tangled_skin,"['hair', 'wax', 'tangled', 'skin', 'dried', 'dry', 'try', 'reviews', 'horrible', 'products']","[""After reading the reviews on this hair, I was extremely excited to get mine put in. My hairdresser even commented on how pretty it was and how easy it was to install.  That is far as the positives about this hair goes.<br /><br />I had the hair installed on Wednesday night. By Friday, I am ready to take it out and start over with something else<br /> While very pretty, it tangles so bad at the ends. It isn't twisted all the way to the end of the hair, so the ends get frizzy and tangle together.<br /><br />If I buy hair online ever again, it won't be this hair from this company.<br /><br />UPDATE: I took these twists out after 2 weeks. I had to cut it daily so it didn't look matter. This hair is everything the description says that it isn't.<br /><br />Buy at your own risk."", ""I don't see what this product do !!!"", ""I held off reviewing the Plum Smooth Sweet Plum soft wax for a few months till I got used to it and I have to say I DON'T LIKE it one bit and won't buy it again.<br /><br />I went to school for Aesthetics and I've been waxing myself and friends for at least 3 yrs now, this is the second wax I have bought and didn't like, sadly this is much more $$ then the other.  I thought since it was a bit more $$ that it would be good, yeah not so.  I've waxed my underarms a few times with this wax and each time I end up with painful underarms that are RED and painful, and it takes at least 3 days for this to go away, again I've waxed with a few other waxes and only a soy wax did I have an adverse reaction to.<br /><br />The first time I used this wax I didn't have good results with it taking all the hair off, so I went over the area a second time with the wax, I realize you shouldn't go over the area a second time with wax but it wasn't catching the hair, I thought well that's why this happened, but I made sure NOT to do that again, but same thing happened and I did it again (hard to just toss wax that's $$) this time and it happened again, I did NOT reapply after the first application, but I used what was on the wax strip to try and pick up the left on the skin hair, I've done this with other waxes and NEVER has it left my under arms this way - that is non except a soy wax which I'll never touch again either.<br /><br />If you don't mind the price, the try it maybe you'll have a different reaction/results then me, but I found this not the greatest at taking hold of the hair (underarms, legs, back and bikini area) - I tried on high heat and low heat and each time I didn't have good results using this wax, OH and I did one other's under arms and yeah, she had a similar reaction to the wax as I.  I would say use with caution, everyone reacts differently, but if I don't like how it works on me then I won't use it on anyone else.... Still on the hunt for a wax I love...""]"
0,527,0_quality_worth_shape_bottle,"['quality', 'worth', 'shape', 'bottle', 'bad', 'dry', 'product', 'peeled', 'bottles', 'buy']","['This nail polish was awFul when I put the two coat I apply the top coat it smeared where you can see the nail line and the nail polish start separating not all happy with this nail polish line I was looking forward to this nail line I am deeply disappointed how they turn out and one the bottle I got the brush was broken I wrote the seller I never heard nothing back from them so I will not be pay this product again', 'Does nothing for my nails!', ""doesn't' last on nails""]"
1,514,1_bristles soft_bristles_bristle_brush,"['bristles soft', 'bristles', 'bristle', 'brush', 'scalp', 'hair brush', 'toothpaste', 'soft', 'brush head', 'gums']","[""Do not even waste your money or time buying these brushes because they are the WORST!!!<br /><br />First off, these brushes were very rough and scratchy, and that was after testing them only on our hands. (I do not even want to imagine trying these on your face!!)<br /><br />Second, the bristles on the brushes were not even same length. If you were to hold the brushes together they would all be the same length height wise; but if you were to look closely at the brush part itself you will notice that they are all different lengths. Some brushes would have more of the brush part while others had more metal part than brush.<br /><br />Lastly, they had a HORRIBLE chemical smell. I'm an esthetician a holistic medispa, and we could not do these brushes for work at all!!  We cleaned them multiple times, soak them in cleanser, and we even soak them in barbicide. That STILL did not get out the strong chemical smell that the brushes had!!"", ""There are two reasons for my 2 star review. First, the brush itself is too firm. It is not at all soft. The ADA recommends brushing with a soft toothbrush. I assume they manufactured it this way to make up for my second reason. Second, the brush head has had the center bristles removed to add the gimmicky rubber channels meant to direct the water/toothpaste between teeth. While I do feel it moving the toothpaste toward my teeth when I brush, I would much rather have bristles in contact with the tooth surface. Afterall, the idea of brushing your teeth is to physically brush away the build up of plaque and tartar. Without the normal number of bristles, I don't feel I get the same results."", 'I bought this brush for my son and he says the bristles keep falling out of the brush.']"
2,344,2_product_ordered_ugly_came,"['product', 'ordered', 'ugly', 'came', 'pigmented', 'pictured', 'colors received', 'light', 'look like', 'looks']","['I wish it was a true brown color NOT Auburn/Red. Do you have a darker color?', 'Very dark brown. Definitely not a light brown. Has a red tint to it and very dark. Wont match hair at all.', 'One missing color. Where is the redish brown color?']"
3,278,3_hair_hairline_bald_wig like,"['hair', 'hairline', 'bald', 'wig like', 'wig', 'hairs', 'like wig', 'disappointed wig', 'wig got', 'money wig']","['I just want to start by saying that I have been ordering wigs from Amazon for about 5 years and I have NEVER been more disappointed in a wig in all of this time! The wig that I received is NOTHING like the wig that is advertised! Everything from the cap construction to the length of the hair itself was completely different. The first thing it says in the description is ""13X6"", but my wig has a 4X6 14"" closure. I have very limited parting space and the top is so much shorter than the rest of the wig. I ordered 22 inches, the wig arrived about 18-20 inches and shrank to 16 inches when curled. the ends of the hair are incredibly thin. Another feature listed in the description is ""Transparent Lace Pre Plucked"". I received ashy beige lace that I then had to tint because it did not blend with my skin the way actual transparent lace does. also the 14 inch 4x6 closure was slightly plucked but rest of the hairline was blunt and untouched. I\'m positive that even if the creator of this wig wanted to pluck the rest of the hairline, they could not because there are tracks location close to the hairline where lace would typically be on an actual 13x6 wig. I had to cut layers in order to blend the short closure in with the rest of the hair. I have no idea where they found the pictures that they use for this wig because it is nothing like what you see pictured. I have never been more disappointed in a human  hair wig that I have ordered from Amazon!<br /><br />I will be updating this review with pictures of everything that I have described.', ""Not sure if there are differences in wig standards with these reviews or if we're all reviewing different wigs but the wig I purchased (20 inch, 360 lace, dark brown color, human hair) is not much like the wig that is pictured. I think the only thing they got right was the length. The description on the wig notes that it is indeed the wig I bought but the pictures on Amazon that showcase the wig are false advertising.<br /><br />In short -- THE BAD:<br />- LACE: Lace is MUCH darker than what is pictured -- when you put it on, it looks like a hair hat. Not many of us have a scalp that dark.<br />- PART: There is NO part (middle, side, etc). Are we supposed to do this part ourselves? If so -- make a note of it.<br />- THICKNESS: The wig is about 6x thicker than what is pictured so it looks fake. It's super heavy and if you put it up in a ponytail, good luck finding a hair tie that can go around it at least once.<br />- QUALITY: I think it's a mixture of real and synthetic hairs. Upon closer inspection the hair type varies. I did spot quite a few split ends but the thickness of each hair strand isn't consistent which tells me they mixed fibers.<br />- LACE INTEGRITY: The lace curls up so be prepared to glue it down in case you plan on not returning this wig. I don't think it can be worn glue-less.<br />- KNOTS: They say they bleached the knots... but they didn't. The front part literally looks like connect the dots on graph paper.<br />- COLOR: Wig is a mixture of black and dark brown hairs... def. not just dark brown. So, it's much darker than you'd expect it to be per the photos and the description.<br />- WIG CAP SIZE: I own about 20 wigs. This is the only one that swam on my head (I have a medium sized head). The cap is way too large for me and using the bands will make the outer cap edges curl.<br />- SCALP CAP: Wearing a cap underneath (black or beige) will show. You can literally see the outline of where it ends on your scalp  which is interesting since the lace is so dark.<br />- CURL: To test if it can curl, I tried it with both a curling iron and natural curlers. Nothing happened (which is further proof to me that they mixed synthetic fibers within the wig).<br /><br />The Good:<br />- The baby hairs look decent (although the super visible knots take away from the job they did here).<br /><br />Maybe if you take it to a salon to get it treated (fade color of lace, bleach the knots, thin the wig out, color correct, high-end band sewing) -- you might make it work. BUT -- how much will that run you up for? I don't think this wig is worth $25... much less the $180 currently advertised. FAKE!<br /><br />Will upload photos soon."", 'Very thin wig']"
4,193,4_hairs_smooth_bad_refund br,"['hairs', 'smooth', 'bad', 'refund br', 'irritation', 'good shave', 'told', 'shaver', 'foil', 'shaving']","['For two decades I have fought an uphill battle with a downhill class of products, and I\'m throwing in the towel. I\'ve abandoned this electric razor and gone back to a real razor (a basic Gillette Mach 3).<br /><br />I switched to a multi-headed electric razor over 20 years ago. ""Stick with it for 30 days"" the instructions implored. Yes, it got better, but never equalled my old 2-blade razor. The convenience suckered me in, and the habit was set. I meticulously cleaned and maintained my electric razors, but never attained a clean shave.<br /><br />But I stuck with it. Replaced the heads, and that worked for a while, but then same old same old. New electric razors seem to get worse. A little Phillips Philishave 30 worked pretty well (2 heads, *battery* powered), but not great.<br /><br />When this Arcitec came on board, I said ""this is it!"" Pricey, but there can be no better, right? Of all the electric razors I have used, I must say that this is the worst. The cleaning system works to a point, but there are inevitably hairs that get lodged in the razor head. And the razor head is effectively *NOT CLEANABLE* except by painstaking surgery to extract lodged hairs.<br /><br />And the shave? OK, this is not a scientific double-blinded study, but I do honestly believe that this razor provided me with the worst shave of all electric razors I have owned. It got me to jump ship and try a middle-of-the-road Gillette Mach 3. The result ...<br /><br />HEAVEN! Blades have gotten SO much better since 20 years ago. Super clean shave, no nics, no problems, no irritation ... why did I wait so long??', 'Sent the blades back, as the shave with the new shaver head blades was worse than what I have already on my well used shaver.', ""I read with interest, the most favorable review for this shaver. This person mentioned that this is their first electric shaver after a lifetime of using blades. I guess if that is the case, the reviewer doesn't have much to compare this product with. Having had previous Norelco models as well as a Remington and a couple Brauns... I have a bit more actual experience with competing products.<br /><br />A few years back, we bought a second home. We decided to stock our vacation home with everything needed so that we would not have to carry luggage and we could just head to an airport and go. I had used Norelco shavers for a number of years. About 10 years ago, my wife bought me a Braun 7 series shaver. What a difference. It gave me a much smoother and closer shave with less chafing and discomfort. I wasn't and still am not impressed with the so-called cleaning system that Bruan has designed. But the shaver itself was terrific. About 2 years ago, the battery in my beloved Braun started to fail. So I bought a new 790CC Braun Shaver. This one was even better than the first. So as we gathered things to take to our second home, I asked my wife to pick up another Braun shaver. The 790CC is not an inexpensive product. So my thrifty wife, knowing I had used Norelcos in the past, picked up the Arcitec shaver on sale.<br /><br />What a disappointment! To be honest, I can't find anything that is a distinct positive about this product. Let me organize my thoughts just a bit...<br /><br />1. Size - The shaver head is just too big. It is hard to maneuver in tight areas such as at the upper lip and nose. Requires using the trimmer to get acceptably close.<br />2. Performance - I do not have a heavy beard. I find that 24 hours of growth is the limit for this shaver. If your facial hair is allowed to grow for any longer than that, the shaver will not cut it. If you have a heavy beard, this shaver simply wont do the job.<br />3. Cleaning - The heads clog very quickly. Once they do, the shaver will not cut at all. The Braun by comparison, can usually go a week before cleaning.<br />4. Trimmer - As others have said... Small and in an awkward position. It's foolish to suggest that the shaver head should be removed to facilitate trimming. Better to suggest that the Phillips/Norelco engineers should take a crack at a better design.<br /><br />I have used this shaver intermittently for the last two years. My older Norelcos were far better than this one. So that being said, I finally decided enough is enough and ordered another Braun from Amazon.""]"
5,184,5_brand worked_received defective_product_product worked,"['brand worked', 'received defective', 'product', 'product worked', 'contact', 'replacement', 'problem', 'worked', 'did work', 'discovered']","['I bought a white one for me and a black one for my husband and both have stopped working after about a month of having them. I had recently charged it and it was working after the charge for a few days and then today it just stopped all together. My husband had the same issue with the black one as well. Will be getting a replacement for mine to try and will update review if that one works passed a month.', ""So to use this, you plug the mouth piece into a battery. The battery on my 1st purchase didn't turn on after hours of charging. So they replaced it. The 2nd one worked at first. Then I put it in storage for a few months, and when I took it back out to use it again, the battery won't work. It's the same problem, it's been on the charger for hours, and it won't turn on. Don't waste your money"", 'It wouldn’t turn off after installing batteries; the power button was broken.  After five minutes, it stopped working all together.  Don’t waste your money- junk!']"
6,181,6_horrible product_perfume_peel_horrible,"['horrible product', 'perfume', 'peel', 'horrible', 'aroma', 'vapor', 'frizz', 'tan', 'sexy', 'saliva']","['La peluca se ve bella, me encantó el largo y los risos del cabello además los colores son hermosos, pero cuándo voy a comprar o usar una peluca tomo en cuenta varias cosas y esta peluca no cumple con ninguno de los requisitos. Esta peluca parece peluca, que quiero decir? Bueno la banda del centro es demasiado ancha se puede notar claramente el grosor de la peluca con la división de la frente y se ve feo, otra cosa que no me gusta es que si peinas o mueves el cabello se ven claramente las bandas y los huecos sin cabello, es decir tiene muy poco cabello. Otra cosa que no me gusta es que la peluca suelta demasiado cabello no puedes pasar los dedos o peinar con cepillo porqué se salen los cabellos de la peluca. Desafortunadamente no la recomiendo.', 'Lo encargué en septiembre , solo lo use en octubre y ya dejo de funcionar al intentar usarla nuevamente.<br />Además el soporte se desprende todo el tiempo .<br />Pésima inversión. Se supone que debería durar más de 1 mes !! .<br />Ojalá el vendedor se contacte conmigo .<br />Muy molesto con esta compra .', 'No lo compre por Amazon, fui directo a la tienda en un centro comercial de Illinois.<br />Soy mujer de 56 años, buena piel, gracias a buenos genes, sin embargo no significa que no deba cuidarme, si lo hago. Quise probar la linea de esta marca, compre la crema de Dia, de Noche y el Facial Peel Microdermabracion.<br />Lo bueno: excelente presentación, no causa alergia, un aroma muy sutil, casi imperseptible, buena textura.<br />Lo malo: requiere profundizar en la investigación, realmente no nutre ni hidrata, se siente muy reseca una vez aplicada, principalmente la crema de dia, debo complementarlo con otra crema o un aceite hidratante, y el Peel microdermabracion no hace absolutamente nada, es un gel que no funciona. Ya tengo poco mas de un mes usandolo y la verdad, estoy pensando en descartarlo y comprarme otras cremas de las que ya conozco. Lastima que no retornan el dinero. No voy a decirle a nadie que debe hacer, si quieren comprarlo, haganlo y experimenten, pero estoy 100% segura que perderan el dinero, mi hija tambien lo compro y me dijo exactamente lo mismo. Considero que desperdicie mucho dinero por unos productos que solo son bonitos. Por favor, profundicen en la investigacion del producto. Suerte']"
7,160,7_headband_headbands_headbands nice_child head,"['headband', 'headbands', 'headbands nice', 'child head', 'head bands', 'head band', 'fit head', 'small head', 'hat', 'adult head']","[""I didn't like this style. The headbands were made will a cheap polyester fabric and they were basically one style in different colors. I would have given it one star but some of the colors were pretty and the headbands not as wide as the picture. I like to wear headbands with my headband wigs.i wear different colors to match my outfits and the extra headbands help the wig to stay on better. Wont buy this again and the back part of the headband is kind of strange and prefer the headbands to be the same size all away round."", 'Product was too tight for my head, not that I have a big head, it was smaller than the norm.', 'The bottom of the headband is too tight!']"
8,149,8_box fine_didnt long_damaged_used broken,"['box fine', 'didnt long', 'damaged', 'used broken', 'received broke', 'received broken', 'damage', 'product arrived', 'came damaged', 'broken']","['Broken', 'Broken!', 'Its broken already,']"
9,139,9_gross_threw away_smells ok_smelled horrible,"['gross', 'threw away', 'smells ok', 'smelled horrible', 'smells terrible', 'really bad', 'body', 'smelled bad', 'smell pretty', 'smells horrible']","['Smells Atrocious', 'Smell', 'No smell at all']"
10,119,10_product_product burned_dry_products,"['product', 'product burned', 'dry', 'products', 'felt', 'skin felt', 'feel', 'feels', 'skin type', 'use product']","[""I give this product one star.  As a starter there were no instructions other than to apply generously twice a day.  They fail to tell you to expect extreme burning pain that lasts 4 hours!  They don't mention if you can apply your normal skincare products with it or not.  They don't say if or how you can lessen the burning pain.  I have never felt any pain like this on my face.  Not even bad sun burn feels this bad.  They didn't mention that  you would continue to feel this burning pain the entire 30 days or not.  Keep in mind you are supposed to apply twice a day.  So that meant 8 hours a day of the burning pain.  On day 21 the pain only lasted 1 hour with each application.  I feel sure I am one of the few who would put up with the burning pain.  On day 28 I did the first application, but I just could not endure another application, so I threw it in a box and gave up.  The only reason I endured as long as I did was because on day 5 I did notice an improvement in the wrinkles.  However by day 28 there was no more wrinkle improvement and I noticed big red splotches of broken blood vessels on my face and my skin felt like sand paper.  At that point I gave up on this product.  It took several days of pampering and moisturizing my skin to get rid of the tenderness and redness.  I have since started using a different anti-wrinkle product that is working without that extreme pain.  I would never recommend this product to anyone."", 'This cleanser is too drying for my skin. After one use my face is red and irritated from being to dry.  It feels like it is sunburned. I do not have oily skin, but more combination...to maybe a wee dry.  The description of the product on the page here on Amazon states is it good for all skin types.  However, when I received my bottle of cleanser I read that it was for oily skin types but good for combination too.  I wonder if I had oily skin it would not be so drying....I would like to have known that this cleanser is &#34;great&#34; for oily skin.  That would have tipped me off to knowing it would probably be too harsh for my particular skin type.  Not happy.', ""I ordered the full line of the OZ Naturals products, I have normal to oily combination skin and here are the results after 30 days:<br /><br />** Vitamin C Serum - No difference.  It was so thin and runny, I'm not sure it did anything for my skin.  Will be throwing this away as it's past the 30 day return policy.<br /><br />** Facial Mask - This was supposed to be hydrating, but I found that it dried my face out terribly.  I couldn't keep it on for the minimum time suggested because my face started to hurt from the drying feeling.  Will be throwing this away as it's past the 30 day return policy.<br /><br />** Scrub For Your Face - This was OK, but a little drying.  I expected that since it's a scrub.  Will keep this product and use every once and awhile.<br /><br />** Facial Cleanser (orange bottle) - OMG this was SO drying!  Yes, it does make the face smooth, but when you combine this with the toner and the moisturizer, it looked like I was in the sun all day because my face was bright red.  Will be throwing this away as it's past the 30 day return policy.<br /><br />** Facial Toner - The bottle says to use this after the shower to &#34;lock in moisture&#34;.  I didn't feel like my skin was any more moisturized.  In fact, it didn't feel like anything.  If I used this alone or with a &#34;non-OZ&#34; moisturizer, I was OK.  If combined with 2 other products, it was like the trinity of hell for my face.  Will be throwing this away as it's past the 30 day return policy.<br /><br />** Facial Moisturizer (blue one with sea kelp) - Yea...went on smooth, but then my face felt &#34;stiff&#34; after it absorbed the moisturizer.  After the sunburn experience, I tried again with just the face wash/moisturizer combo and I needed an additional moisturizer, so my face didn't feel like it was going to &#34;crack&#34;.  Will be throwing this away as it's past the 30 day return policy.<br /><br />Combining the face wash, toner, and moisturizer -<br />This got me twice - once I thought maybe I did something wrong and it took after sun aloe to make my face stop burning.  The 2nd time I cursed my stupidity at trying again and will not use that combination (or the products because they will be going in the trash) again.  I tried several different combinations of these products and was always met with 1 of 2 results - the fiery depths of hell on my face or feeling like my face was so dry I was standing in full sun in the desert.  Neither was a pleasant experience for me.<br /><br />I know some people like these products and I was hoping they would work for me, so I could get away from the products on the market that are polluted with chemicals, but this was a terrible experience for me.  Back to the drawing board!""]"
11,107,11_disappointing horrible_pretty_rip_hair br,"['disappointing horrible', 'pretty', 'rip', 'hair br', 'wavy', 'crease', 'flawed', 'hair', 'strands', 'twist']","['This clip does not hold the hair very well at all. It is so so pretty and i wanted it to work because the idea is awesome. The main clip slips down the hair and doesnt stay. And the little clips dont hold either and the hair slips out. I did make a small ponytail in the hair and then placed the main clip above that and it helps it stay in place. But the small clips still dont hold and the hair slips out every time. Maybe theres a way to make it stay but i havent figured it out yet.', 'Wondering what I mean? Check out the photo. These clips are the longer lower clips (the ones above are professional wave styling hair clips) if you notice those teeth of clips touch each other and do so to provide a wave kink (era 1920’s) that some of us love. The clips I bought; those teeth interlace; so as far as using for a temporary hold your hair sectioned while you style your hair. Not recommended bc they get caught up hair as well. I would use plastic hair clips for sectioning. So I don’t recommend at all. There is more to say why not but if you bought them you’d find out other complaints pretty easy (like round and awkward bent finger gripper to open the clip is awful) like that. Don’t buy!', 'The clips are too small and not made to clip into curly hair.']"
12,106,12_products disappointed_beauty products_products_product,"['products disappointed', 'beauty products', 'products', 'product', 'lipstick', 'reviews', 'lip gloss', 'lip balm', 'lipsticks', 'authentic']","['It made my lips stick together. It is a mess', ""I love everything from lipsticks to lip gloss, chap stick to scrubs, lip stains to everything in between. One of my favorite lip colors is rich reds and purple hues. With busy days I make sure to drink lots of tea and water and I always eat. So looking for a longer lasting product I found this one that was waterproof and long lasting. I read some of the reviews and as usual there where mixed remarks, its easy to apply and definable highlights your lips giving them a fuller effect with the usual dry chapped feeling that most mattes gives. While this product does dry quickly it can feel a bit sticky although not enough that your lips stick to everything. It doesn't rub off that easy but it does come off. It is NOT waterproof and WON'T last through consistent water drinking, consuming food, or if you have a habit of licking/biting your lips. So for that you have to keep the lip gloss handy for reapplication. The colors are pretty but just like any else lip gloss minus the dry and cracking feeling often achieved by matte. I wouldn't buy this product again and had I known the whole purpose I purchased this in the first place was a fraud I would have saved my money."", 'Makes my lips more dry']"
13,102,13_long lashes_lashes long_lashes_work lashes,"['long lashes', 'lashes long', 'lashes', 'work lashes', 'lashes way', 'eyelashes', 'eyelash', 'lash line', 'lashes lashes', 'lashes hard']","['I bought this for the eyeliner, which was the worst eyelash liner glue I have ever used. I ended up loving the lashes though, so I am reordering for those. I purchased Kiss Lash Liner/Glue, which is $9 on its own, but definitely worth it compared to this “liner glue.” I’m giving the whole product a 2 because you can’t wear the lashes if you don’t have a halfway decent adhesive.<br /><br />(Don’t mind my awful photos, I’m no makeup expert, but these lashes are fab!)', 'These lashes are horrible super thin', 'If I could give these lashes zero stars I would. I carefully and slowly tried to remove the lashes from the holder but the adhesive was so strong that the band stuck so firmly to the holder and speedster from the lashes (see pictures). On one pair the adhesive was so strong that the lashes ripped. I’ve purchased these type of self-adhesive, reusable and washable lashes from 3 other sellers so I know what to expect - so I absolutely know that these are faulty. I was really excited because I purchased the “thick” style, hoping to find a pair that were fuller than what I’ve already purchased but these were just awful. Please don’t waste your money or time with these. There are better lashes out there. Returning.']"
14,99,14_brush_eyeliner stick_vaseline_magnetic eyeliner,"['brush', 'eyeliner stick', 'vaseline', 'magnetic eyeliner', 'smudged', 'eyeliner dried', 'dry clumpy', 'eyeliner came', 'came dried', 'pull eyeliner']","['As I was opening up my box these lashes look fantastic but my problem is whenever I open up the eyeliner as I pull it out the eyeliner splatters out of the bottle and goes everywhere all I could think of is meAs I was opening up my box these lashes look fantastic but my problem is whenever I open up the highlighter as I pull it out the eyeliner splatters out of the bottle. I tried opening the eyeliner several different ways and each time the eyeliner splatters out. I am really debating on returning the product but the thing that keeps on holding me back is these eyelashes are just so beautiful I think I received a defective bottle of eyeliner.', 'Very hard to get eyeliner even and could not get edges to stick', 'This eyeliner is not waterproof.  When you apply the eyeliner it is not an even line.  The color is very faint and watered down you can barely see it.  When you put the eyeliner on the back of you hand it has the look you want on your eyes but when applied to the eyes  the color is not there.  And they say it is all day long lasting, omg, if you touch your eye in any manner off comes the eyeliner so make sure if you touch 1 eye to do the same on the other or you will be walking around having 1 eye w/ eye liner and the other without.  Total wast of money.']"
15,93,15_order_included order_ordered_items received,"['order', 'included order', 'ordered', 'items received', 'pack received', 'seller', 'advertised', 'listing says', 'received', 'package']","['Item was listed as a (2 Pack) in the description but I only received one.<br />As a two pack the price was acceptable, as a one pack it is not !!', 'Still in the pack', 'This is NOT for a pack of 3. It is only for 1 each. You will not get a pack of 3 as listed']"
16,93,16_returned product_recommend returned_fine print_product looks,"['returned product', 'recommend returned', 'fine print', 'product looks', 'picture returned', 'incorrectly didn', 'product', 'returned', 'quality', 'item looks']","['looks nothing like the picture', 'Nothing like the picture.', 'Nothing like the picture']"
17,92,17_soap does_bar soap_olive oil_soap don,"['soap does', 'bar soap', 'olive oil', 'soap don', 'doesn lather', 'hand soap', 'soap smells', 'soap', 'scented', 'does lather']","['the bag sticks to soap- will not soap-up', 'The BOTTLE of MOR soap was EMPTY❓', ""Way too thick.  I can't get the soap to even come through its so thick.""]"
18,79,18_defective_hairspray_hair spray_impossible use,"['defective', 'hairspray', 'hair spray', 'impossible use', 'try', 'refund', 'tip', 'worked', 'damaged', 'stopped working']","['This spray bottle worked great for about two months and then the spray stopped working correctly as a mist. It still sprays, but I paid extra for this specific spray and it wasn’t worth it. DON’T BUY!!! It will not last long and is too expensive.', 'Did not spray at all', 'the spray top was shipped to me  broken. so I had to buy an empty spray bottle try to use this product.']"
19,78,19_product leaked_love product_product_received bottle,"['product leaked', 'love product', 'product', 'received bottle', 'bottle product', 'bottle came', 'sexy', 'rollers', 'bottle leaked', 'excited try']","['These bottles are garbage. I searched and searched for the best reviews, least likely to leak, etc...I missed the mark with these bottles. If you like your liquids to stay on the bottle and not leak, then stay away from these bottles. The push-top opening mechanism is where the leak drips from. Look elsewhere; these are worthless to me...', 'All of these bottles leaked and obviously empty bottles won’t work.', 'The bottles leak.']"
20,76,20_fake hair_product hair_hair mixed_hair purchase,"['fake hair', 'product hair', 'hair mixed', 'hair purchase', 'purchased hair', 'hair tried', 'human hair', 'hair synthetic', 'purchase hair', 'hair buy']","['Not human hair!', 'Y’all this was not human hair at all', 'This is not human hair']"
21,74,21_doesn spread_doesn resemble_product constantly_head cheap,"['doesn spread', 'doesn resemble', 'product constantly', 'head cheap', 'frizzy tangled', 'blend disappointed', 'gets frizzy', 'model disappointed', 'worth sending', 'really smell']","['Super thin. Takes a lot of coats. Use a white polish underneath as a base.', 'Do not trust the pictures  and description.<br />I order, as pictures show, professional double sided 100/180 files with cushion and plastic insert  in the middle, total about 4mm thickness.  But (month later) received  1mm thick double sided 220/220 sendpaper. Do not trust  sellers from China. Amazon should check sellers, product and description before allowed Chinese sellers use their website', 'Very thin, and way off on the color description. I ordered a 1b and the colored sent looked like a number 4. (Light brown)']"
22,73,22_horrible_cheap smelling_money horrible_trash,"['horrible', 'cheap smelling', 'money horrible', 'trash', 'quality big', 'store horrible', 'crappy', 'junk', 'looks', 'look like']","['Made of a cheap plastic I rather use the medal ones.', 'They are made of cheap plastic.', 'Cheap plastic.']"
23,71,23_picture disappointed_gave headache_got red_gone,"['picture disappointed', 'gave headache', 'got red', 'gone', 'returned didn', 'color like', 'headache', 'thumbs', 'wrong description', 'face got']","['Dislike', 'Dislike', 'Dislike the  magacation']"
24,70,24_skin don_skin_head_washed,"['skin don', 'skin', 'head', 'washed', 'small head', 'face masks', 'facial mask', 'ear', 'black mask', 'ears']","['These masks are too hard to put on your face because the mask is so wet and covered cream, it rips and leaves you without a full face mask. And if and when you can put the mask on your face without ripping it, it is uncomfortable, like you are wearing a wet paper towel. I would give this a pass.<br /><br />Katiebabs', 'Would not stay in mask it would fall out.', 'These mask are very thin.']"
25,67,25_good product_reviews likely_product results_help dried,"['good product', 'reviews likely', 'product results', 'help dried', 'reviews', 'smells nice', 'product sorry', 'rate product', 'product', 'using product']","['Have used it for 3 weeks twice a day as directed with very little results.  I am quite disappointed at the results, expected much better results as advertised. .', 'No results', 'not much in the way of results']"
26,67,26_dove deodorant_scents_deodorant_like deodorant,"['dove deodorant', 'scents', 'deodorant', 'like deodorant', 'vanilla scent', 'product', 'scent', 'deodorant doesn', 'mint', 'armpits']","['I thought I ordered the stick deodorant and tube of cream in Cool Tangerine. When I opened the stick deodorant it was a cream and the first ""note"" I smelled was a faint foul smell immediately followed by odd tangerine. I tried a little and it did work but probably will not by again. Makes me wonder if the product is old?  Products need to smell better and wanted stick deodorant not more cream in a stick deodorant container! Also to high priced!!', ""After spending weeks trying to detox my self amd my cloths from aluminum deodorant and smelling worse than I ever have in my life 🙃 I'd like to say; this product was not for me.<br />The Lume customer service was great and the idea of the product was awesome. It felt like very nice lotion on my armpits,  but after only a couple hours of sitting in an air cooled vehicle... I was trying to find the source of this HORRIBLE smell only to find that it was my underarms.... I was not even sweating. ( this was just before I tried the whole detox process that Lume recommended). I also let them know that after 2 weeks of detox I was tired of smelling bad and switched back to my chemical ridden dove deodorant.<br />Thanks for trying Lume, but this deodorant did not work for me at all !"", 'Nice scent - but as a deodorant, it does not work at all.']"
27,66,27_really work_work described_does work_multiple,"['really work', 'work described', 'does work', 'multiple', 'doesn really', 'works like', 'work like', 'described', 'really', 'work doesnt']","[""Doesn't Work!!"", ""Doesn't work."", 'Doesn’t Work!!']"
28,65,28_work product_product_misleading products_product wait,"['work product', 'product', 'misleading products', 'product wait', 'tried 20', 'work tried', 'scam product', 'messy does', 'total failure', 'money product']","[""Doesn't work at all! Don't waste your money!"", 'this product does not work at all', 'This product does not work.']"
29,65,29_straight_curved_lashes don_trying,"['straight', 'curved', 'lashes don', 'trying', 'lash glue', 'try', 'lashes', 'suck', 'work tried', 'fell']","['JUST AWFUL!!!  Eyeliner came with zero packaging and zero directions. Logically, I figured it was ok to apply per usual, and wait for it to dry before applying lashes. While  it’s simple enough to apply the eyeliner, be forewarned, your magnetic eyelashes WILL NOT STICK!!!😡  I had two different types of magnetic lashes; one set with just two magnets each and another set with four magnets each; neither worked! Also, it peals right off, which is great when you want it to come off, but not so much when you’re attempting to get your magnetic lashes on.🤦🏻\u200d♀️', ""Ordered these based on good reviews, expecting them to be about the same quality as the Ardell magnetic lashes I got at the drugstore but was very disappointed. The magnets on the lash line are chunky, but also somehow also don't work? I even tried another magnetic liner I had and the magnets still wouldn't stick. The band is really flimsy and doesn't bend well so if your lash line isn't straight, you're going to get peeling edges. The only thing that even slightly worked was cutting the lashes into chunks around the magnets and then placing them, but I had to constantly readjust and the liner is super flaky so I gave up after about an hour or constantly readjusting. Just buy glamnetic or something slightly more expensive, it's worth it."", 'There were no magnets on one of the lashes']"
30,64,30_returned product_return says_product return_wanted return,"['returned product', 'return says', 'product return', 'wanted return', 'product came', 'defective', 'product', 'returned refund', 'product product', 'returned']","['Item was defective, purchased for a trip and packed it so the return window closed before I realized it was defective.', 'Product came broken and unworkable.  Since this came through a 3rd party Amazon does not stand behind the product - LESSON LEARNED!!!  DO NOT BUY FROM 3RD PARTY VENDORS!!!  I CANNOT RETURN THROUGH AMAZON.<br /><br />Waiting on response from 3rd party via immediate response from Amazon.  What a pain.<br /><br />Ugh.', 'I received this item defective, missing a wheel. It took 4 months to get it resolved, and I ended up paying $12 out of my own pocket just to return the piece of junk. The vendor was rude and even harassed me. My Visa company sided with me, especially since I sent them photos and the email correspondence. I tried to work this out professionally, but the vendor is worse than unprofessional.']"
31,62,31_tried numerous_misleading product_kind product_glad tried,"['tried numerous', 'misleading product', 'kind product', 'glad tried', 'attempted use', 'heard seller', 'seller times', 've tried', 'tried', 'horrible dont']","['Doesn’t stick well', 'These do not stick well.', 'Do not stick well']"
32,60,32_reviews_mascara completely_product old_cosmetics,"['reviews', 'mascara completely', 'product old', 'cosmetics', 'scrape', 'mascara', 'loved time', 'makeup remover', 'mascara dried', 'brush']","['Not very impressed with this mascara.  I find mascara I buy at the store for $5 works better.', ""What was ordered was the Lash STASH set that was advertised and contains (pasted from YOUR product description) the following:  This set contains: - 0.17 oz/ 5 mL Bobbi Brown Eye Opening Mascara in black - 0.17 oz/ 5 mL IT Cosmetics Superhero Elastic Stretch Volumizing Mascara in Super Black - 0.06 oz/ 2 mL Lancôme Monsieur Big Mascara Big Volume All Day Wear in 01 Big Is The New Black - 0.13 oz/ 3.9 mL Too Faced Better Than Sex Waterproof in black - 0.08 oz/ 2.5 mL Urban Decay Troublemaker Mascara in black.<br /><br />What was received was the Lash BASH set that contains totally different samples and NONE of the ones I was interested in getting: This set contains: Benefit Cosmetics Roller Lash Curling Mascara Black 3g. Buxom Lash Mascara Blackest Black 6ml. Clinique High Impact Mascara Black 3.5ml. Tarte Lights, Camera, Lashes 4 in 1 Mascara Black 4ml. Urban Decay Troublemaker Mascara Black 2.5g.<br /><br />Furthermore, the box was opened - presumably to remove the free voucher that came with it originally, but with a different set arriving, and then the box being opened, the deceitful air surrounding this purchase makes me question if the mascara's have been tampered with.  I AM NOT HAPPY!!  I WANTED the Lash STASH set specifically for the Bobbi Brown Eye Opening Mascara, the Lancôme Monsieur Big Mascara, and the Too Faced Better Than Sex Waterproof.  I received nothing that I wanted and NOT WHAT WAS ADVERTISED.<br /><br />I am not much for basing my purchases on reviews, but this one time, I wish I had read them since I see literally half of the reviewers received a different set than what was advertised :-(<br /><br />My Sweet Hubby knew I had been wanting the Lash Stash set and tried to surprise me with it.  So now 2 people are disappointed.<br /><br />Returning."", ""AWFUL.  I was really hoping this mascara would fill the sad, gaping hole left by the discontinuance of Scandal Queen, which was the most perfect, amazing mascara EVER, but nope, the Quattro Film Type mascara is a hugely over-priced disaster.<br /><br />FIRST:  The design sucks.  The piece in the tube that's supposed to scrape off excess mascara doesn't work well, so the brush pulls out too much mascara with random blobs of it in places.  Then, the brush bristles are waayyy too short, especially for such thick mascara with fibers, so the bristles can't properly pull through your lashes to distribute the mascara and the mascara just kinda blobs on.  I included some photos below to try to show the blobs and how short the bristles are, but I'm not sure if you can tell (black mascara on black bristles is hard to photograph).  Where there aren't blobs on the brush, the mascara lightly coats the corresponding lashes, resulting in a very uneven, lumpy/chunky application.  And you can't even use the brush to try to distribute the mascara through your lashes evenly because there's still too much mascara on it due to the crappy scraper-thing, so if you try to do that, it just globs on more mascara and now you're starting to look like a toddler's puffy paint art project.<br /><br />SECOND:  Usually you can even out even the clumpiest mascaras using an eyelash comb after the mascara dries a bit.  But not with Quattro because combing it actually pulls off large chunks of the mascara (I think because it's so clumpy/chunky on application, it all sticks together and comes off in pieces).  So the length gets all uneven because the fibers lengthen your lashes, but the combing pulls off some of these fibers.  And the volume becomes patchy and there are literally gaps in the mascara.  There have been a few times where it looked like I had a floating eyelash because black mascara covered half the eyelash, then there was a gap of light-colored natural lash without mascara, and then the mascara continued at the tip of my eyelash.  I've never had anything like this happen with mascara.<br /><br />THIRD: I don't know this for sure, but I swear my eyelashes got shorter and thinner because of this mascara.  They were very long and thick because I've used GrandeLash and LiLash for a long time, but a couple months after using this Quattro mascara I realized my lashes were noticeably thinner and shorter, even though I was still using LiLash.  I was still using this mascara even though I didn't like it because it's SO expensive, but I stopped using it when I realized my lashes looked thinner/shorter.  It's only been a couple weeks since I stopped using it so it's too soon to know for sure if it's the mascara.<br /><br />I'm 33 y/o and I've tried A LOT of mascaras, and this is the worst mascara I've EVER used.  Most of the mascaras I haven't liked are because they smudge too easily or don't add enough length or volume, but those problems are fixable by adding a second mascara and/or layering.  But this mascara is in a class by itself--it's not fixable, causes a mess, and possibly hurts your eyelashes.  I don't usually have such strong feelings about a product, but this mascara is THE WORST.""]"
33,59,33_ends hair_straighten_stuck hair_hair does,"['ends hair', 'straighten', 'stuck hair', 'hair does', 'straighten hair', 'does straighten', 'straightening', 'brush hair', 'brush', 'flat iron']","[""Purchased this flat iron in May 2020. I am natural so I don't flat iron my hair often. First time I used it with no issues. I am trying to straighten my hair again since last years and the flatiron is BROKEN! I plugged it in and the screen just keeps flashing blue and it doesn't heat up."", 'This was a huge disappointment. It didn’t curl my hair very well and didn’t curl the right side at all. The curl would literally just stick out horizontally and I’ve tried several times. It also made my hair frizzy. I’ve never had that problem with any other curling iron. I decided to keep it because I kept wanting to give it more chances. However now it constantly malfunctions and now it doesn’t work at all. Whenever I hit the button it starts to twirl but then it just shuts off mid- twirl and I know I’m not hitting any other buttons. Disappointing considering it was not my main curling iron and I’ve barely used it. Reading some of the reviews it looks like I’m not the only one with the malfunctioning issue. I prefer my GHD way more.', ""Honestly, I wish I returned it. I have thin curly hair, so maybe it's why I don't love it like other reviewers do. I feel like I need the tension from a straightening iron to straighten my hair, and it takes only a few minutes with that to do. So, i think it might be beneficial if you had thick curly hair and using a straightening iron takes too long. But for me, my hair still seemed frizzy after I used it. So had to use my iron again after anyway.""]"
34,58,34_4c hair_hair just_people hair_hair money,"['4c hair', 'hair just', 'people hair', 'hair money', 'did hair', 'hair didn', 'hair', 'lightened', 'hair doesn', 'hair does']","['did not work on my hair', 'Can’t get this to work for my hair', 'It didn’t work for my hair…']"
35,58,35_hair product_product did_salon_hair dye,"['hair product', 'product did', 'salon', 'hair dye', 'hair purple', 'hairspray', 'hair color', 'dyed', 'hair makes', 'purple hair']","['Horrible!!! Turned my hair purple.', 'Horrible I had purple and silver hair tride to lighten it up with the product and it turned my hair green blue. Now I’m on my way to a salon to fix it. Never buying this again', 'Horrible I had purple and silver hair tride to lighten it up with the product and it turned my hair green blue. Now I’m on my way to a salon to fix it. Never buying this again']"
36,57,36_skin pretty_cut felt_piece skin_cut skin,"['skin pretty', 'cut felt', 'piece skin', 'cut skin', 'cuts terrible', 'replacements don', 'scissors', 'tear hair', 'cuts', 'cuticle']","['not sharp.', 'The scissors do not cut hair. Too dull. Will return promptly', 'If anyone follow and read my reviews can say I am very fair and pretty through. I almost never give a 1 star. This cuticle cutter first of all does not look like the picture with the common 1 slant middle guide. It has a v shape guide that catched and locks thus not allowing for a steady and consistent trim. I had to stop unclick then cut and repeat. My normal Revlon trimmer does a better job even after yrs of owning it and it not being very sharp any longer. I got so agrivated I tossed it in the trash and ordered 2 different brands. In the meantime,  my Revlon will do what I need which is to simply trim my thick cuticles.  That thing left chips of skin all choppy on top of the cuticle. Stick with the standard 1 guard guider and I think most trimmers will cut nicely without the sticking each time it closes. First time ever seeing one like this. The picture does not show that, rather it shows the standard 1 bar guide. Such a waste of money.']"
37,57,37_long hair_hair hope_short hair_sucks,"['long hair', 'hair hope', 'short hair', 'sucks', 'product', 'gel', 'hard use', 'curl long', 'hair', 'okay']","[""This product smells good and makes my hair feel soft but I was very disappointed with is curl enhancing abilities. I have frizzy wavy hair with more curls by my neckline than all over. So i bought this hoping, like some products, that it would enhance and encourage my curls throughout but without the hard crunchy effect. It did not do that. So I think people would love this product if they want a light soft frizz free curl that don't need any help getting more curls out of your hair. Hope this helps!"", 'Do not curl', 'They were not a L curl']"
38,56,38_super crappy_really bad_tangled buy_odor plastic,"['super crappy', 'really bad', 'tangled buy', 'odor plastic', 'worse hair', 'tangled badly', 'badly', 'tangle badly', 'hair terrible', 'gets tangled']","['Hair tangles easily and too much', 'Hair tangles within the first day', 'Hair tangles']"
39,55,39_flexible_extremely flimsy_care product_instructions didn,"['flexible', 'extremely flimsy', 'care product', 'instructions didn', 'flimsy', 'instructions followed', 'tried don', 'doesnt hold', 'flimsy cheap', 'follow instructions']","[""Doesn't stay in place. It didn't work."", 'Will not stay on', 'Will not stay in place.']"
40,53,40_unusable glue_reviews mentioned_elastic nice_stretched,"['unusable glue', 'reviews mentioned', 'elastic nice', 'stretched', 'like ripping', 'fall apart', 'quality disappointing', 'designs look', 'thinner', 'easily stretches']","['Elastic is to thin.', 'Not as pictured.  I looked at every option to find the packages that had a metal band around the elastic.  None of the packages have the metal band as in the pictures.  ALSO, the elastic is stretched out and very weak.  Too weak to work.  In short, they are junk!!', ""(1) pin was bent; (2) Even if pin was straight the screw device holding the pin was skewed so pin couldn't go straight into the band  (See photo); (3) Even if pin could go straight the platform holding the band could not go up high enough to align the band slot with the pin - it rubbed up against the collar on the pin. (4) Pins were very weak, broke 3 of them trying to jury-rig the device so it would work.<br />Device is not suited for its purported purpose.<br />In sum, do what I did: get a small drill bit and tap it with a light hammer to remove the pin.""]"
41,49,41_scalp break_cotton swab_stretch elastic_stretch,"['scalp break', 'cotton swab', 'stretch elastic', 'stretch', 'soften', 'soft does', 'swab', 'pad toner', 'says cotton', 'soft hardly']","['I bought these to use for toner and micellar water, but they’re not absorbent at all, the product just beads up and rolls off. Super disappointing. Also, the title of the listing says cotton, but the description says they’re bamboo, that seems unnecessarily confusing.', 'I ordered these on April 13, 3019 specifically because they were advertised as cotton. Just received them today (May 6) and came to write a review that they are most definitely not cotton. I see they changed the ad title from cotton to chiffon.  Appropriate going forward but I wonder how many others like me and the prior reviewer were duped as well.  Fine schruncies if you were looking for chiffon. Not if you wanted cotton. Like I waited over 3 weeks to find out.', 'These are precisely the type of cotton swab I did not want.  They are expensive.  From reading the description, I thought I was buying a 3-1/2 inch swab with a paper shaft.  These are 3 inches. The shafts are thin plastic.  The cotton swabs are small, hard and very tight rather than soft and full.']"
42,49,42_make hair_fine hair_hair look_hair,"['make hair', 'fine hair', 'hair look', 'hair', 'shampoo hair', 'oil hair', 'hair shampoo', 'hair sure', 'hair worse', 'washing hair']","['When it arrived, it wasn’t the shampoo and conditioner were two different types. The shampoo wasn’t the multi-toning. Tried it out and it wasn’t great. Also, the conditioner was damaged.', 'I bought this shampoo in conjunction with the conditioner and the serum.  While I have no issues with the serum, the shampoo and conditioner were a huge disappointment, especially in light of all the rave reviews.  The shampoo did in fact lather nicely and clean my hair, it did nothing for the dryness or color.  In fact, despite being labeled for dry hair, it was significantly a worse performer in this area than even my general-use shampoo.  My hair seemed more dry and had less control / more flyaway hair strands than before use.  (I have used it for two weeks which is ample time to see results). Do not waste your money.', ""A couple of years ago my hair was in rough shape from bleaching and coloring. I found out about Olaplex shampoo. After a couple of weeks of using the shampoo my hair was in such improved condition I was seriously impressed. So I invested in the No. 5 conditioner. It was okay, but really no more effective than any decent conditioner. After a few months, I had had a hair cut, continued using Olaplex No. 4 shampoo, and my hair was in pretty healthy shape. But, I figured I could make it even healthier by using the No. 0 and No. 3 method. The first time I did it I didn't notice anything, at all. So I thought I'd try it again. Nothing. A few weeks later (considering the availability of the trial sizes) I gave 0 and 3 another try. That time my hair was dry, rough, and flyaway. Anything but sleek and well-bonded. As for the No. 8 mask, again, nothing outstanding. The take-away: I love Olaplex shampoo, both the regular and their purple for blondes shampoo. As for the rest of the Olaplex line of products, I am not at all impressed. They are so pricey, but tend to either do nothing or damage rather than repair. Aside from the shampoo, I'm calling Olaplex way overrated.""]"
43,49,43_packages hair_tape hair_quality hair_beads hair,"['packages hair', 'tape hair', 'quality hair', 'beads hair', 'hair different', 'love hair', 'wavy', 'salon', 'hair', 'natural hair']","['Do not use with extensions.  Pulled them out.', 'I have purchased Sunny bonded hair extensions probably 12 times over the last 6 years or so. It was my go-to brand for keratin tip extensions because the hair was such good quality.  You could never tell the beautiful hair wasn’t naturally my own.  Unfortunately, my most recent purchase of Sunny extensions will be my last.<br /><br />The hair used to be such great quality that it could be installed and worn for 4+ months (if maintained and cared for properly).  This most recent purchase of 4 boxes is horrible - each extension is thick at the bond but has so much breakage throughout that it’s very thin on the end.  It’s very frizzy, tangles easily and sheds like crazy. I’ve only had them in for 2 1/2 weeks and the bonds are slipping out left and right.  It’s very embarrassing. The hair is too frizzy for me to wear down, so a braid or bun is the only option.  I would take them out but I’ve already wasted 5 hours installing them and about $200, so i guess I’ll just wait for the rest to fall out and then try a new brand.<br /><br />I am really really disappointed at the decline in quality of these extensions.', 'Initial Review- I really wanted to like these extensions. I have been a hair extension user for over two years. I am experienced in taking good care of my extensions. My favorite extension company recently raised their prices. I found these, LaaVoo, while looking for a similar but lower priced product. I was pleased with the quality of the hair when it arrived.  The hair is real as described and the color was exactly what I wanted. The product arrived the 15th and 16th of September. I installed it on Saturday, September 18th. Installation went well. The first two weeks after installation everything was perfect. A little after 2 weeks I began to loose strands. The bonded tips (glue) were falling apart, the strand would fall out leaving the installation bead and the strand wire tip in my natural hair. I had half a pack left from my initial installation and I replaced the fallen strands with new ones. It has been approximately 6 weeks now and I have been replacing strands almost daily. More need replacing the more time goes by. I am very disappointed in how the product has held up. Other products have lasted me 3-4 months! I contacted LaaVoo Service Team using the information listed on their business card inside the product box. I explained the issue  and they directed me back to amazon as that is where I bought them. The return window just closed and amazon can no longer help me. I am not happy and will not be purchasing again. If you want temporary extensions, these will do fine. If you\'re looking for a long lasting (3 months) quality product, this is not for you. (photo shows bonded tips that fell apart)<br />12/05/21 Update- Within a day or two of my initial review, I was contacted via amazon message service by the company. Remember, I initially contacted them for help and they denied me. The representative stated that they were eager to help but to do so I would need to email them using my private email. Very sneaky. This way amazon would not see that there are conditions of their ""help"". You must change your low rating to 5 stars and then you will get your replacement. I have saved all my emails from them in order to prove my statement. I had bought 3 packs, they sent me 1 replacement pack and 2 sets of mink eyelashes which I had said I didnt want. I used the replacement pack to replace the strands that fell out each week. The strand bonds continued to deteriorate and fall apart leaving the metal tip and bead in my hair after 2-3 weeks. I remain steadfast in my initial review. The hair seems to be of good quality, but the bonds do not last more than 3 weeks. I have followed all care instructions and use quality products to care for my extensions. I am an experienced extension user. I have gone back to my original more expensive brand as they last 3-4 months with proper care. I cannot in good conscience leave the 5 star rating I was coerced into providing. The product does not deserve it. The practice of making one change their rating to get replacements is shady and misguiding. Yes, I got a replacement pack, but it was of the same poor quality as my initial order. Shame shame.']"
44,49,44_ones purchased_stay flimsy_works strong_flimsy way,"['ones purchased', 'stay flimsy', 'works strong', 'flimsy way', 'flimsy difficult', 'really flimsy', 'use flimsy', 'flimsy like', 'flimsy', 'strong']","['too flimsy', 'Too flimsy', 'Too flimsy.']"
45,49,45_quality hair_hair tangled_bought hair_hair like,"['quality hair', 'hair tangled', 'bought hair', 'hair like', 'hair horrible', 'hair terrible', 'worst hair', 'horrible hair', 'picture hair', 'hair barely']","['Horrible quality hair. I’ve purchased from this company multiple times before & the hair was fine . Im assuming this company has gotten a new vendor . The hair was shedding in large amounts by the second week of it being installed, very tangled overall horrible.', ""Let me tell yall I buy hair like a habbit. Try all but love water wave and straight the most, but anyways I've purchased this on a whim when purchasing this hair price was great ,for the buy yeah to good to be true it wasnt like the pic the length wasn't true one smelled like barbie doll hair. Puffy and frizzy , but didn't return didn't have time but this hair was not what  was displayed. Even when wet look like plastic. Bad bad buy made me think I need to just stop bying  anymore hair you get played with these deals. Well with the salesman I received this hIr from. Bad hair ."", ""If you're looking for cheap hair to a quick style that you will not keep in long, this is your hair.. if you're looking for something to last longer then a few days.. KEEP LOOKING!!!<br />I never buy straight hair, but decided to try it.. this hair was so thin I had to cut half of it off to make it look decent. I even added extra tracks. I had so many tracks in my head and still had a stingy ponytail..  I washed this hair out my head 5 days later because it was so bad...<br /><br />This hair doesn't have a smell at all. I co-washed it NO nasty brown chemical...<br />It DOES SHED VERY BAD..<br />Its definitely not 10a""]"
46,48,46_mannequin brush_dry ends_stylist told_started shedding,"['mannequin brush', 'dry ends', 'stylist told', 'started shedding', 'texture ok', 'money hair', 'hair gone', 'month hair', 'processed', 'hair shedding']","['This hair sheds an awful lot.', 'Hair sheds extremely...', 'It sheds.']"
47,47,47_gap hair_hair clip_poorly clips_product clips,"['gap hair', 'hair clip', 'poorly clips', 'product clips', 'half clips', 'stay clipped', 'immediately hair', 'extremely loose', 'clip better', 'banana clips']","['Clip broke off immediately', 'the clip broke as soon as i touched it. I will replace the clip .. other than that cute.', 'So disappointed. I’ve owned and loved the Camila AD 718 size 3.5 claw clip for years and have a hard time finding clips for my thick hair that don’t break. After receiving this, I immediately went to try it and bam, one side of the hinge came out.  I can’t fix it or use it and it’s too much hassle to return it. I would not recommend this clip at all and frankly will not purchase any product from Camila Paris again. I was expecting better quality product than the usual drug store hair clip considering the price, but I think this was actually worse!']"
48,47,48_quality fabric_wrinkles_looks terrible_materials,"['quality fabric', 'wrinkles', 'looks terrible', 'materials', 'packaging looks', 'terrible quality', 'eye shadow', 'small diameter', 'small light', 'tiny like']","['Smaller than expected and no spray top', 'Smaller than expected.', 'Smaller than expected.']"
49,47,49_does hot_felt cheap_unintentionally_does,"['does hot', 'felt cheap', 'unintentionally', 'does', 'heating cap', 'gets hot', 'close used', 'does warm', 'doesn', 'does work']","['Temp not hot enough', 'does not get hot enough to do anything. also does not seem consistent with heat.', 'Doesn’t heat up enough']"
50,46,50_hair received_received hair_quality expected_cheap hair,"['hair received', 'received hair', 'quality expected', 'cheap hair', 'black hair', 'synthetic hair', 'hair look', 'hair super', 'hair quality', 'quality hair']","['The hair is not the same color. Two of the bundles was the same color and one bundle was a lighter brown. Not enough hair on the bundles.', 'Honestly if you worked with synthetic hair before, you will know this hair isn’t the best but it isn’t the worst. It falls right in the middle. I ordered 14 packs of hair from this vendor- a 7pack of 14 inches and a 7 pack of 18 inches. I had planned to do the extended loc style that’s trending right now. I specifically wanted straight locks so this vendor was one of the few on Amazon who had straight locks with no kind of curl which is why I ordered from them. I managed to do 80% of my hair but now I need about two packs of each to finish the look because I don’t have enough strands to make the hair look really full (when trying the style out some of the strands unraveled on me). This vendor would not work with me and let me buy four packs of hair instead of ordering seven. I wouldn’t have been upset if they told me I would still have to purchase seven and pay for the full 7 but I can still pick whatever inches I need it but they just flat out refused to budge. Customer service is knowing that sometimes your customers might need additional or custom assistance. I can’t just order one pack of hair from other vendors on here because I specifically ordered from this vendor  because they had straight hair. So if you plan on purchasing this hair, don’t make any mistakes because this company will not work with you or let you buy an individual pack or customize your own lengths of hair. If you are someone who needs individual packs of straight hair because maybe you need it for maintenance, to fill in the spots, to make your hair look full, just go to Aliexpress because they care about customer service there. They don’t individually packed their hair anyways you get all seven bundles in *ONE* big bag so it’s not like they cannot put three packs of 14 and four packs of 18 in one bag because they don’t individually package their bundles. Thank you for talking yourself out of a customer. I won’t purchase from them again.', ""The hair itself seems to be thick bundles because the thickness of the wefts when it's rolled up together. When I rolled the hair out. I immediately noticed the hair is super thin not just at the ends but it's only a decent amount of thickness 1/3 of the way down. I needed to put a sew in in my hair for the week so I went ahead and used the hair but I had to double the tracks to make a semi full track. The overall style looks super thin and I used 2.5 bundles. I usually use 2 bundles for a natural look.<br /><br />If I use the hair again, I'll probably make a u part so I can get more tracks in and make it fuller.""]"
51,46,51_product wrong_product amazing_product cotton_product,"['product wrong', 'product amazing', 'product cotton', 'product', 'product gets', 'waste money', 'star product', 'doesn peel', 'waste bucks', 'quality order']","['I would have given a NEGATIVE five if there was such a thing. One star is too much for a product that goes straight to the trash bin. The silicon piece would not stick at all. It peeled off the double sided tape it was sitting on right after I put it on the nose piece and I ended up having double sided tape sticking to the nose piece and earned the trouble to clean it off.', 'Not much to like about this product. I idea/concept is great but the product sucks.  I wished I would have listened to others saying don’t buy, waste of money. They were not lying & I am not either. I gave 1 star because I don’t think you can give zero stars.', 'Bought this for our toddlers. Initially was turned off by the smell, very strong rubbing alcohol scent probably from whatever is in it to make it a clear gel. That wasn’t the greatest but isn’t the main reason for the 1 Star.<br /><br />The reasons this gets a 1 Star is:<br /><br />- all three of our girls complained that the sunscreen was stinging everywhere it was applied. They don’t complain with other brands so this was definitely unusual.<br /><br />- after it was applied and dried, the sunscreen left a film on all of our three girls skin. In addition some of the sunscreen started peeling off in little balls that felt rubbery.<br /><br />Because of these issues we won’t be using it again.']"
52,43,52_product gives_bottle ok_thought doesn_brand didn,"['product gives', 'bottle ok', 'thought doesn', 'brand didn', 'product did', 'best product', 'literally does', 'really hate', 'did best', 'product dark']","['I wish it had instructions in english.', 'No instructions', 'Well, I might love it instead of hate it. If it came with instructions. Got a box with this wand in it. No instructions at all']"
53,43,53_product poorly_reviews ended_lasted long_head fine,"['product poorly', 'reviews ended', 'lasted long', 'head fine', 'fine product', 'product useless', 'useless product', 'quality horrible', 'horrible quality', 'worth bad']","['Not good Quality', 'Not good quality', 'Not good quality']"
54,43,54_try_ve issues_paid_remove,"['try', 've issues', 'paid', 'remove', 'mistake', 'ordered', 'removed', 'packaged', 'try rid', 'return']","[""These wipes are okay to use when your hands are feeling soiled. They're saturated and well stay pretty wet for a few minutes or so.  Unscented and doesn't leave my hands dry or sticky. The size of the wipe is a little smaller compared to other hand wipes. The wipes do have phenoxyethanol, which can contain trace amounts of 1, -dioxane (carcinogen) but apparently it's safe at low levels (FYI). It's stated on the box that they try to be zero waste, but honestly... not really. They come individually packaged in a plastic bag and in a box, which are both not biodegradable. It would've been better if the wipes came all together in one packet instead of individual packs. It would've reduced some waste. The wipes are expensive at $.90 each. Not worth it in my opinion."", ""I wear waterproof everything and there are lanyards wipes that can't take it off, these are added to that list. I usually buy the neutrogena wipes because they are the only ones that actually work, but I don't like the residue feeling they leave after. Reason why I have been trying to find other wipes, but these aren't it. First when they were delivered, they and inside package was wet all over. Wipes barely removed any makeup and seemed dry. There is a light pleasant scent. I guess you could use them just to wipe your face and body to feel refreshed, but dont expect them to do much more."", 'The wipes feel a little on the dry side and doesn\'t work as well as other wipes I have tried in the past. With these wipes, they leave streaks and you have to constantly keep wiping to try to rid of the streaks and clean your computer screen and glasses. The wipes ""cleaning agent"" also don\'t fade away immediately like other wipes do. Instead, it lingers for about 10 seconds give or take, versus other wipes, they begin to fade almost immediately.']"
55,42,55_finger product_wrinkles_skin_skin bit,"['finger product', 'wrinkles', 'skin', 'skin bit', 'used plenty', 'immediately wash', 'nasty', 'makeup oily', 'easy product', 'product']","['I bought this to see what it was all about. The first night I tried it when I got it and used a brush to apply, it went on ok but I looked pale it was not blending. So this morning I tried it again and used my fingers to apply. Now keep in mind I wash my hands with soap and warm water and my face with face wash before applying makeup to keep the oils from my hands getting on my face and to keep my face clear!<br />So again I used my fingers to apply and apparently this foundation thinks I’m the Hulk or something because it instantly turned green! Yes GREEN! I’ve even attached a pic of my makeup wipe after I washed it off! It’s in the white sink so it’s not my counter top showing through the towelette! DONT USE THUS PRODUCT UNLESS YOURE DRESSING UP FOR HALLOWEEN AS THE HULK! Not worth the $ or the aggravation it’s caused my skin! It’s wiped off filthy and nasty! I can’t believe people are expected to put this on their face!', 'Extremely disappointed. I thought I was finally going to get my hands on organic make up. I was SO excited to try this on. Once I tried it on, it was like i literally put nothing on my face. And when I mean nothing, I literally mean with all the powder I put on, my cheeks were still showing imperfections, and it was like the powder foundation I applied was literally invisible. This was so disappointing to me, I was willing to buy so much from this brand, but the foundation would have been my first run around to see if it was a go or not. I finally thought I was going to find make up that was truly clean of nasty chemicals. I had to stick to my Bare Minerals as that powder foundation a little goes a long way. Glad it worked for everyone else though.', 'Meh. This product was just ok. Most of my foundation was absorbed into the brush head and I didn’t feel like it helped put my makeup on with ease. I felt like I was scrubbing my face to get my foundation on. I can’t think of any product that this would be good to apply with? I don’t feel like the product itself is “bad” but it is not good to apply liquid foundation with in my opinion!']"
56,42,56_product garbage_product cheaply_success product_misleading products,"['product garbage', 'product cheaply', 'success product', 'misleading products', 'try review', 'contact amazon', 'product glue', 'tint dried', 'good glue', 'unusable glue']","['Glue was dried out and rubber like products was not able to be used since glue is required', 'It is supposed to come with glue and there was no glue!', ""I recently purchased this product and it was a terrible experience!! I used this glue to lay down my wig and followed the instructions and it didn't work. I wasted my money on this product and the partner product, the Essha glue spray removal, smells terrible and isn't safe. I refuse to waste my money on misleading products promising that it will last through humidity, water, etc, when it obviously didn't. I didn't last through my gym workout. I felt embarrassed having white residue along my face. Ghost bond is a better hair glue!""]"
57,42,57_stuff_going wear_original_clothing,"['stuff', 'going wear', 'original', 'clothing', 'different tried', 'lasts', 'just', 'strong', 'truly', 'thanks']","[""Totally agree with the other posters.  This perfume was not the same as the ones bought directly on the island.  This was much lighter in color - hardly any color at all - and it had a strong alcohol smell and just a little of the lovely vanille.  With all the other bottles purchased at Ligne on the island, the color was deeper and one spritz was all you needed to last all day!  I tried this for a couple days before I decided to return it for a refund.  I couldn't smell it after a couple hours.  Totally different.  I did purchase the body lotion and it has more fragrance than the perfume."", ""I remembered the fragrance from years past and love the scent. However this cologne's scent while the same fragrance I loved, does not last more than 5 minutes. I have order the perfume to see if it lasts longer. Shame. Such a lovely perfume."", ""This perfume smells the same as Lust. I was expecting it to smell different from Lust. Will not buy Sex In the City perfume again. This perfume is a cheap smell but if you can't afford a 20 dollar perfume; sex in the city perfume is a good perfume. You just have to watch what you buy.""]"
58,41,58_order good_eyelashes came_mascara wand_months,"['order good', 'eyelashes came', 'mascara wand', 'months', 'month', 'product loved', 'product lashes', 'mascara', 'got lashes', 'product expecting']","['I bought this after reading a review elsewhere that it was effective. I accidentally cut two of my eyelashes when taking off fake eyelashes :(. I have been using this for a month now, and I feel my lashes are thicker, but not longer, which is really what I was hoping for. On the bright side, The product isn’t irritating and easy to use. I’ve used it religiously morning and night, but I’m not overly impressed. I think I’m going to return and try Rory or latisse. For the price of this product, I was expecting more noticeable results.', ""I was looking forward to trying this mascara to boost my lashes. Unfortunately I was not sold on this product. I felt like it clumped my lashes together making it look like spider legs on my eyes. It doesn't separate the lashes to give them a fuller look. I didn't find it to make my lashes look fuller or longer. The eye on the right is with the mascara and the eye on the left is without product."", ""My longest lashes all fell out and I'm left with my original thin and stubby ones. I've used Lilash for many years, and was SO sad when they left the USA and now they don't ship here. It is expensive, but WOW it works. I had purchased several tubes when I got the sad news, but sadly, my stock is now gone. This has left me in the position of now finding a new lash and brow growth product. I saw some positive reviews of this, so I gave it a shot. Unfortunately, as soon as I started using it, my gorgeous super thick and double long lashes all started falling out and getting thinner and shorter, and shorter still. My brows are thin, fine and lighter in color. I continued to use it, hoping that it just worked through another mechanism and they would grow back, but that has not happened. I'm SO SAD! I really want some higher quality eyelash serum choices.....""]"
59,41,59_cream used_try cover_weeks worked_cream,"['cream used', 'try cover', 'weeks worked', 'cream', 'patches', 'allergic', 'eye cream', 'itchy irritated', 'prescribed', 'left cream']","['Careful...it really burns your eyes if you get any into your eyes', 'I used these patches for 3 days in a row, when I put them under my eyes I had unpleasant burning sensations, after I took them off my eyes and the area around my eyes itched for a long time and there was a strong dryness of the eyes and the skin around my eyes. I will no longer use these patches.', ""I've had problems with puffiness and dark circles under my eyes forever so I was excited to try this but unfortunately, the moment this touched my skin, the skin under my eyes puffed up twice the normal size. I won't be able to use this obviously, so I'm going back to my Say Yes to Grapefruit eye cream and the Say Yes to Blueberries eye cream at night.""]"
60,41,60_disappointing product_bottles worked_ripped seam_lasting long,"['disappointing product', 'bottles worked', 'ripped seam', 'lasting long', 'barely use', 'doesn roll', 'broke', 'ripped', 'bought recommend', 'tried fix']","['I had to re sew the zipper!', ""Bought it for traveling. The bag ripped at where the zipper was attached to the plastic on the day I packed for my overseas trip. Tried to fix with super glue which kind of worked but fell apart again when I took it with me. The bag actually still has more space even with the hand sanitizer that was bought later (after rip). The rip is just getting wider and I'm on day 2 of my 2 week overseas trip..."", 'Zipper already broke. :(']"
61,39,61_coating_gift disappointed_glide hair_coating just,"['coating', 'gift disappointed', 'glide hair', 'coating just', 'hair salons', 'flimsy', 'hair ended', 'comb hair', 'purchased quality', 'manufactured product']","['Worst comb. Poor quality.', 'Awful comb design', 'Would have been better but the comb never came with the order.']"
62,37,62_dried single_dried_horrible_works dried,"['dried single', 'dried', 'horrible', 'works dried', 'old dry', 'dry', 'horrible received', 'dried used', 'horrible horrible', 'said product']","['The pen dried up within two uses even tho I used the cap', 'Be aware when buy these pens of whitening because the seller does not seal the pens. It is good that my wife check each of brush of the pen and she found out one of the pen’s brush is already wet which means somebody has used it! It is disgusting and scary especially during this pandemic.', 'One star is too much for this pen. Is absolutely a waste of money']"
63,37,63_excited wear_charms_broke product_product broke,"['excited wear', 'charms', 'broke product', 'product broke', 'really wear', 'worn times', 'wanted wear', 'stars cheaply', 'fraying', 'wear']","[""It broke within the first few hours of wearing it. Buuuuuut while it was still intact I got a lot of compliments 🤷\u200d♀️<br /><br />It wasn't like I was putting it through a lot of stress or anything, no taking it off and putting it back on a lot. The top part just kind of snapped off after a bit. Sad."", 'Broke on the first wear', 'Broke before I wore it.']"
64,36,64_cleaning_good glue_came glue_glue ll,"['cleaning', 'good glue', 'came glue', 'glue ll', 'sticky glue', 'disappointed terrible', 'waste product', 'poorly', 'stick broke', 'description disappointed']","['Ears flop down too much. Look more like puppy ears than cat ears', 'These are advertised falsely. The women in the pictures show the ears larger and actually positioned/spaced to look like cat ears. What I received more acurately depicts tiny hamster ears and are almost close enough together to be confused with bunny ears.', ""I purchased 2 mannequins to be able to display earrings because the description specifically said that you could use them for earrings.  The ears are hollow, and the plastic is thick enough that earrings won't go through unless the front and back holes are drilled in a straight line, because they follow the trajectory of the first hole.  Unfortunately, the front and back holes don't line up.  I had to re-drill the holes.  Unfortunately, one ear is too thick to take an earring, even if the holes are perfect.  Of 2 mannequins, I have 1 ear that can hold an earring.  I am giving a rating of 2 because of inaccuracies in the description.""]"
65,35,65_horrible_terrible_sucks_bad,"['horrible', 'terrible', 'sucks', 'bad', 'awful horrible', 'sucks terrible', 'horrible horrible', 'terrible horrible', 'gross horrible', 'awful']","['Horrible', 'horrible', 'Horrible']"
66,35,66_sorry_just ok_happy just_way,"['sorry', 'just ok', 'happy just', 'way', 'yuck', 'happy', 'ok just', 'okay', 'yuk', 'ok']","[""It's ok"", ""It's ok"", 'OK']"
67,34,67_bubbles_soft_make bubbles_doesn make,"['bubbles', 'soft', 'make bubbles', 'doesn make', 'small use', 'make', 'small return', 'pain', 'like small', 'wrong size']","['Too small', 'So small.', 'Too small']"
68,34,68_color runny_moisturizer_smooth creamy_come product,"['color runny', 'moisturizer', 'smooth creamy', 'come product', 'look different', 'true product', 'order did', 'works okay', 'perfume', 'clearly mixed']","[""One of the pumps is exactly as listed. However, the second pump came with the plastic fused, so it won't actually pump and then broke when I tried to raise the pump (which is how I was able to then see that it could never be raised to function, because it was flawed and the pieces were never separated). I now have one pump for two bottles. Not worth the money."", 'this did not come with the pump as pictured and I really need a pump!', ""Cons:<br />-pump was broken<br /><br />I am super disappointed that the pump on this product arrived broken. Not only was the pump on this bottle broken but when I looked in the hole where the moisturizer would come out I could see that product had already been passed through the bottle. This leads me to believe that somebody had started to use the bottle realize the pump was broken and then returned it and somehow it was resent it to another customer. Along with the  pump being broken there is no way to separate the top from the bottom… Normally the pump was broken I would just open up the container and scoop the moisturizer out with a Q-tip or something like that but there's no way for me to do that with this item.<br /><br />Review by P. Thomas<br />I received this product for a discount. This is my honest opinion of the item and is not influenced by any discount. I do not give good reviews just because I received a discount- you can look on my reviewer page to see I give a wide range of 1-5  star reviews.  I am NOT paid to leave reviews. [...]""]"
69,33,69_color bright_different product_quite dry_dries,"['color bright', 'different product', 'quite dry', 'dries', 'half dry', 'expected pretty', 'dose', 'doesn good', 'dry doesn', 'beauty blender']","['It dries up after 1st use. So it’s difficult to use as it’s half dry, 2nd time of using it and on.  Then it completely dry after 4th time.', 'Not enough moisture. Very dry.', 'Dry .']"
70,33,70_recommend star_worth using_works great_best reviews,"['recommend star', 'worth using', 'works great', 'best reviews', 'concept product', 'electric nail', 'new nail', 'does strong', 'quality ok', 'isn terrible']","['The machine works great but none of the bits fit in the drill.', 'This package, to me, is not worth the money at all. The drill is cute and works, however it does not seem to be that strong. The motor gets very hot with use, which is a bit worrisome to me. The drill bits that this drill comes with are junk, and the nail stickers I received are for children (both in size and appearance)', 'I ordered this nail drill for home use. The 1st nail drill arrived and did not even turn on.<br />I returned it and used the new drill 4 times and then it shut off during use and never worked again.<br />The drill became VERY HOT during use, even with turning it off when not in use.<br />I need a simple nail drill for home use. This is not a good product.<br />Now its too late to return so I have to purchase a new nail drill, what a waste of money and time.']"
71,33,71_set hair_product thicker_hold size_thicker,"['set hair', 'product thicker', 'hold size', 'thicker', 'returned thought', 'requested refund', 'packaging cute', 'beautiful', 'purchased gift', 'good returned']","[""I wanted to LOVE these, so much so I bought 3 or 4 different styles, based on the amount of stars but I didn't like like them much less love them. I ordered them in the yellow, purple, and teal packaging and didn't like the quality of any of them. They were lightweight but cheap quality. I did love how they were packaged, you can pull out the case and replace them afterburner thats about the only redeeming quality of these."", 'I didn’t even open package. The edges looked so nice in the photos, so cute. In reality it looks like a cheap edge. I never saw such thin wash clothes either. They look so fluffy hanging on those cloth pins in the photo. Not so in person. Super thin, not like any real washcloth I ever saw.  I will say they do look soft, even though I didn’t open package.  Might be good to wipe baby faces. This was a gift...just NO', ""These i sent back immediately after seeing and comparing to another set i had purchased by a different seller. My other set which was same length, & supposed same weight, & pieces, but my other set is thick, and absolutely beautiful. This set was very, very, think, look scraggly, although I loved the color. I will be purchasing from the other company when they get this same type color in, for a spring/summer change. For the same price on both relatively but maybe 2.00, these were worth about a quarter of what was charged. The other looked like it could cost far more than it did, & is Supreme in quality. Not so w/this set. Very disappointed. Had i not had other set to compare though, I wouldn't have known, but was easy to see that 1 set of these wouldn't be enough for any real good look. Only needed 1 set of the other, & my hair looks beautiful, & very thick! Do not recommend these unless you have same color hair, & are not looking for any added volume.""]"
72,33,72_colors_colors like_quality material_material,"['colors', 'colors like', 'quality material', 'material', 'poor quality', 'quality', 'low quality', 'pretty', 'cheep quality', 'cheap']","['Poor quality.', 'Poor Quality', 'Poor quality.']"
73,33,73_forehead didn_stamp_try_stamper,"['forehead didn', 'stamp', 'try', 'stamper', 'tape try', 'shipping ordered', 'undamaged', 'going rip', 'struck', 'long brush']","['KDIRST Eyebrow Stamp Shaping Kit Including Eyebrow Stamp and Eyebrow Stencil Kit and Eyebrow Styling Soaps and Eyebrow Brushes and Brow Molds,Long-lasting, Waterproof, Black Brown (Dark Gray Brown)<br /><br />This set is totally unusable for me. I started out testing out each of the 12 stencils against my face and not a single one came close to my eyebrow shape or size. They were all too big and just off, like they were made for a bigger face. There was no way I could use any of them. I decided to try the powder stamp on it\'s own and the color is a reddish-brown which is nothing at all what you would expect from a color described as ""black brown (dark gray brown)"".  It looks completely different than the color shown in the listing photos. The color is so off that I had to double check the box to see if I was sent the wrong color. Nope. Something isn\'t right here with the color of this product.', ""All the stencils and the purple t shape stencils are not long enough for my brows but otherwise work as described. The powder does not. Can't get enough powder on the presser to do any good. Doesn't show up well and not enough powder to really transfer or even do 1 brow without repressing the powder multiple times. I use the stencils with another kit. The powder and powder applicator are a joke"", 'None of the Stencils worked']"
74,33,74_salon_different scent_product used_different smells,"['salon', 'different scent', 'product used', 'different smells', 'fragrance', 'smells different', 'products', 'smell different', 'exact product', 'product']","['Must be a formula change. Soooo much flaking and there wasn’t much product used. The second photo is the product purchased from Amazon. The empty jar in the 3rd photo is previous jar I had purchased from a beauty supply store that I absolutely fell in love with. I’m<br />Going to see if I can find this particular “type” again. What i received from Amazon is not the product I was using in the past.', ""I do not believe this is the original cream that I have been searching for. I used to buy the product in my local hair salon for $35.  Couldn't find it anywhere and then recently came across it on Amazon at the price of $15.99.  I was thrilled!  Package arrived on time. Came out of box very oily and sticky, before I even opened the jar.  Luckily I had some of my original product left to compare. The original is white and creamy.  The one I received is more like a clear beige gel.  The smell is similar but off.  The one I received has a chemical scent underlying the perfume. The original smells like a dream. Had to return.  Buyer beware."", ""This is not the same product I ordered the first time. Although the label has the exact same wording on the description, the label on the jar is different than the one on my original order, and so is the fragrance. I absolutely love the fragrance of what I ordered and received the first time, but this is different. Not what I expected. Also, The cost of the first one was about $12. The cost for each of these was around $6. I don't know what happened, but I'm somewhat disappointed.""]"
75,32,75_doesnt remove_exfoliation_rubbing_exfoliate,"['doesnt remove', 'exfoliation', 'rubbing', 'exfoliate', 'product disappointed', 'exfoliating', 'soft doesn', 'inexpensive didn', 'quality sucks', 'trying scrub']","[""Smaller than I realized (and smaller than I want -- but that's on me -- I didn't do my research on these thoroughly enough). Having many years' experience loving loofah as a staple in my self-care, I find the loofah itself in this item has been bleached too much so that it's overly soft and hasn't retained enough &#34;scratching&#34;/exfoliating power (for me). One of the two pads (I haven't used the other) came with an @ 3/4&#34; hole in the loofah which revealed itself when wet, and which, with only a couple times used, quickly turned into a very large hole and rendered the pad pretty much on its way out.  But I see that this company has a wonderful attitude in their high-quality stated intentions for doing business, so I'll be returning these with confidence.  Attitude goes a long way, doesn't it?  Thanks."", ""The brush is very soft, soft enough to use on your face or your more sensitive spots, but still stiff enough to clean those callouses on your feet.  It won't remove all the callous, but it will get them clean LOL.  The loofa side is soft enough not to be irritating on the skin, but it is very small AND someone thought it was a good idea to put a rope loop sticking through the loofa so you actually end up trying to scrub your body with the rope instead of the loofa.  VERY annoying.  They should have found a better place for that rope loop - like attached to the back of the handle.  And the neck of the handle is built at a pretty severe curve, makes it so that if you try to scrub yourself with the loofa you will just smack yourself with the bent part of the plastic handle instead.<br /><br />The brush side is pretty good and the plastic handle is comfortable and solid, but I'm tall and also disabled with limited range of motion in my shoulders... so for me the handle is too short by almost a foot.  That, combined with the bad design decisions they made on the loofa side... this is one of the worst shower sticks I've seen."", ""Uh, definitely blew this purchase based on reading previous reviews! Maybe the fabric was thinner or softer in earlier versions, but these things are rough! Thought I might as well get the 3-pack so I could use one, the wife could try a second, and a third for general uses. Extremely scratchy on my rough face, so no way it was usable on a woman's softer skin. BTW, these are certainly large pieces of fabric intended to be used to scrub your back solo, but I was raw after just a few scrubs to the point I had to stop altogether. Examination in the mirror confirmed scratches on my back, and I'm not a softy! I decided to cut up one of the cloths and use it on my face so I could control the pressure. Another fail! These things are just too harsh for me. Bottom line, they're going into the rag bin for use on non-delicate surfaces that need scrubbing!! Oh, and not Made in Japan!! Another BS product made in the land of cheap crap. Extremely disappointing!""]"
76,32,76_brands hair_hair save_drying hair_fit hair,"['brands hair', 'hair save', 'drying hair', 'fit hair', 'hair dryer', 'tooth comb', 'hairdryer', 'case pretty', 'blow drying', 'smell looked']","['After several attempts to get this work, It finally worked on my Remington blow dryer, however it did not work on my expensive Babybliss blow dryer as it kept sliding off. When I began blow drying my hair, the attachment did not move; however I began to smell a burning smell and I looked inside the blow dryer and it was red-like it was going to catch on fire, I immediately turned it off and used my paddle brush and Babybliss blow dryer to finish blow drying my hair. Please save your money! Duck tape at this point would be better. This needs to be removed from the market.', 'Not worth the money and doesn’t fit any blow dryer that I own. Too hard to loosen. And you can’t return it if it doesn’t fit. Use the money towards a better blow dryer', 'Does not fit any blow dryer I have. Andis 1875 specifically.']"
77,32,77_tried eyebrows_eyebrow_applied cream_natural eyebrows,"['tried eyebrows', 'eyebrow', 'applied cream', 'natural eyebrows', 'eyebrows', 'match eyebrows', 'forehead didn', 'brow', 'like eyebrows', 'eyebrows thought']","[""When I received the product the box was old looking and a bit damaged but that was fine because the products inside were safely sealed. This product is definitely not long wearing! I ordered this almost a month ago and I have tinted my brows about 3 times. After the second day of tinting my brows they look horrible! I will not recommend this product. I'm sure there are other companies with better brow tinting products."", 'I just purchased this Blissful Brows eyebrow color. First, I thought the packaging was cheap. When I applied the cream on my eyebrows I was not happy with the color. I ordered dark brown it turned out to be black. I also felt the product was too expensive compared to other similar products I have tried previously.', 'In my opinion, this product is of very poor quality. It was dark and runny. I had thought that once it dried all would be fine and went about my merry way only to later catch a glimpse of myself in a mirror at the office --OMG! I saw dark runny &#34;Blissful Brows&#34; by Hairgenics had streamed down my brows to my eyes and on down my cheek!<br />[[ASIN:B072JX8LV5 Blissful Brows by Hairgenics - One Step Long Lasting Tinted Eyebrow Gel Infused with Fibers for Thick and Full Brows (Brunette)]]']"
78,31,78_stick regular_dry apply_product stuck_brand worked,"['stick regular', 'dry apply', 'product stuck', 'brand worked', 'peeled day', 'terrible product', 'peeled', 'difficult product', 'peeled hour', 'dry fast']","['Easy to apply yes but….I prepped as instructed. Clean hands, cuticles pushed back. I put them on and was immediately disappointed. I really wanted them to work and last. Had them on for an hour and then removed', 'Very difficult to apply.', ""The application is very difficult with this product, but I do appreciate that it was marketed to save product and apply in a hygenic way. I agree with that, and stand by those claims. The small folds around the edges frequently scrape product off, though, or it will get stuck in those ridges. I think it's a great idea, bilut execution-wise, it did not work for me.""]"
79,31,79_disappointed product_long purchased_claims_doesn clean,"['disappointed product', 'long purchased', 'claims', 'doesn clean', 'really messy', 'looking dry', 'tool', 'disappointing returned', 'caused', 'luck']","[""First thing, the concept is great, but that's just about it.<br />the suctions at the bottom don't hold tight in one place for you to scrub back and forth.  I end up chasing it rather than scrubbing my feet.  in the commercials they show a women in the tub with easyfeet on the foot end of the tub, which I never tired, but it's not possible with those suctions. The bristles are soft, but when you put the scrub/soap on top of the strap it just drips straight down, rather than on your feet.  I noticed that when I was cleaning my shower, I didn't notice initially cuz I always ended up scrubbing my feet with my hands, so my feet felt soft."", 'This product is just terrible!!!!  It sounds like a wonderful product on your feet.  Then you go to use the product, it is another story.<br /><br />1. You can not feel the bubbles at work on your feet.<br />2. The sea grass is something just to put your feet on and does nothing it clams.<br />3. Made great puddles on the floor.  This devise made bigger bubbles once your feet were in because it is a bad design and caused the water to splash out.<br />4. The water did not temped like it states in the instructions.<br />5. Not as quiet as it claims it is. It scared my 2 yr old, and had to turn the TV up a little.<br /><br />I am going to take it back, and advise no one to buy this!!!!!', 'Arthritic pain in feet.']"
80,31,80_worst product_product literally_product truly_careful product,"['worst product', 'product literally', 'product truly', 'careful product', 'plastic broke', 'rubbed', 'tangled mess', 'feathers', 'clean body', 'product expect']","['[[VIDEOID:26fb9346fb0b4ac6399281a942abc55f]] DO NOT BUY THIS !', '[[VIDEOID:506baf675c9b5fd9a4ee333fe8a576ac]]', '[[VIDEOID:ab03dc14b919eca36fccf774b68ea295]] Orible']"
81,31,81_dyes_eyeshadow_shades_photos,"['dyes', 'eyeshadow', 'shades', 'photos', 'shade', 'different shades', 'products', 'professional nail', 'product', 'finger']","[""I bought these for my son for Christmas because the description claims they are organic and 100% natural. I was looking for bath bombs with no artificial dyes. I even asked if the bombs had artificial dyes and someone responded they did not. That is not accurate. The ingredients on the box include artificial dyes yet the box says 100% organic. I don't understand how something could claim to be 100% organic and natural with artificial coloring. I feel misled."", 'There has been much discussion about this product on Amazon and professional nail tech blogs.  One of the most serious issues is the absence of a safety data sheet (SDS) from the manufacturer.  By law, manufacturers selling chemical products in the United States must provide accurately documented SDS upon request.  The manufacturer of this product has not provided such a SDS.  We ordered a product through Amazon which arrived via China Post/USPS identified as \'Makeup Tools\' for customs purposes.  As professional chemists, we analyzed this product (pH, FTIR, TGA, elemental analysis and GC-MS).  This alkaline product contains methylene chloride, methanol, n-butoxyethanol, a series of n-alkane hydrocarbons and two different petroleum boiling point distillate fractions.  Methylene chloride and methanol are known toxic chemicals which can be absorbed through the skin and inhaled into your respiratory tract.  Please use Google to search for and open the SDS docs for these two chemicals and read the hazards.  This product is similar to a methylene chloride containing industrial paint strippers which are being removed from the marketplace due to their toxic ingredient(s).  This product is not suitable for sale to the general public or to the professional nail community as a nail polish remover.  AMAZON is derelict in its duty to police the products it sells; in this case the product is highlighted as ""Amazon\'s Choice"".  Please be aware that there are other brands of \'Magic Remover\' being offered for sale with a similar name, paper label and bottle shape.  Buyer Beware!', 'This claims to be titanium dioxide free, gluten free, made with natural and organic ingredients, vegan, and free of parabens, nano-particles, bismuth oxychloride, talc, silicones, mineral oil, GMOs, artificial fragrance, artificial preservatives, FD&C dyes, carmine, and phthalates. It is made in the USA. The ingredient list is on the product box and it is really short (see photos). It claims to be formulated with natural ingredients, such as\xa0Kaolin Clay\xa0and Jojoba Oil. They say they are cruelty free. The product page has a photo that says “Leaping Bunny Certified,” but the logo on the box is a PETA logo. I checked both websites and HYNT Beauty is certified by both Leaping Bunny and PETA.<br /><br />I got the shade “Linen Kiss.” A little searching online showed it was a matte ivory. I really didn’t like they didn’t have much info at all about the shades to choose from. There weren’t any descriptions of the different shades to say whether they were matte, shimmer, etc. There weren’t photos other than the product in the little singles compact. I would have liked to have seen more product photos, like swatches comparing the different shades to help me choose, or at least a description of each shade. I had to search on Google and even when I went to their website there were only 4 shade options there. At least there they had a description for the 4 shades, but they only had the single photo of each in the singles compact. For a single eyeshadow coating $22, I expect more. The focus on the ingredients and what isn’t included is good, but they should also put a little attention on providing customers with more photos so they can easily pick a shade that’s right for them and be happy when the get it. Not have to guess what finish it has or if they shade is going to look like it does in the pan when they get it.<br /><br />This comes in a little ziplock bag. Inside is a little outer product box.<br /><br />It comes in a plastic singles compact. The top flips open easily.<br /><br />It’s a matte ivory.<br /><br />I show a photo where I swatched it. I did a finger swatch on my clean forearm (no lotion, primer, etc.). I swirled my finger in the pan and it seemed really hard pressed, like I wasn’t picking up much. I looked at my finger to see what I had picked up and should have been surprised after how much I swirled it in the pan that I didn’t have more, but I wasn’t really because of how hard pressed it felt. I took a photo showing it on my finger. As you can see, it isn’t very opaque and doesn’t look like I picked much up. I swirled a lot and that’s all I got. I swiped that onto my forearm. Then I went back into the pan. This time I pressed harder into the pan while I swirled. I picked up the same amount and put a second layer over the first one I had already done. Then, I did the same thing and did a different swipe. I did 3 layers for that one to show how it built up. It showed up enough on my fair skin, but I wasn’t a fan with how hard pressed this was. Maybe if I didn’t get such a light shade I’d like it more? But, I feel like the formula just isn’t too great and wouldn’t have great pigmentation with any color.<br /><br />It’s nice and smooth.<br /><br />Overall, its okay. It’s not for me. For me to spend $22 for a single eyeshadow, the eyeshadow needs to be pretty darn good. This just isn’t it. It’s too hard pressed for my liking. You don’t pick up much product and even when you do it doesn’t have that much pigmentation. Like I said, maybe with a different color it would be different, but I don’t think so. There’s way better options out there. I don’t recommend this.']"
82,31,82_hair sucks_sections hair_untangle hair_trying braid,"['hair sucks', 'sections hair', 'untangle hair', 'trying braid', 'hair braided', 'braid hair', 'root hair', 'crochet hair', 'hair matter', 'morning hair']","['This is not braiding hair. It is 90s dolls hair. Does not braid well and does not burn well. It also tangles. Extremely hard on the fingers while braiding. If feels like plastic. You know that doll whose hair is always sticking out, hard to comb, and itchy. This is the hair.<br /><br />Beautiful color, length and price are the only plus.', 'The magnetic wrist band IS NOT fully magnetic! Meaning only a portion or certain area of its surface will hold anything. The hair parter rings are not pointy enough for effective parting and might as well be made for a man or people with fat/chunky fingers (I have average-sized feminine hands and the rings sit right at MY second knuckles instead of on the finger tips as pictured AND expected, which would make a lot more sense in the case of using them to part sections of hair). The duck bill clips look cheap, feel cheap and give you a sense of feeling like they will break after only a few uses, if that. The combs are bigger than the average size that I typically use myself on a regular basis or that I see used by others, and the first ""parting tooth"" is a little flimsy for my liking. The rat tail end of the combs are also not tapered to the very tip, but instead flat causing hair parting to be less effective than if the ends were more pointed... As a hair braider, I honestly feel like I wasted my money on this purchase, regardless of how little or how much it costed. ALL OF THE ITEMS included ARE NOT worth buying unless you\'re amateur!!!', 'Bought this hoping it would help speed up doing hair for my daughters but, it just did not work at all.  Instead of making a pretty twist it ends up spinning the hair into a very tight twist more like a tangle.  I watched video tutorials and followed instructions and still could not get a nice looking twist either by manually twisting the braider or by turning on the spinner.  Even after removing the hair from the braider clips the hair would immediately unwind before I could even get a band or clip around the end.<br /><br />Both my daughters have long straight hair that I braid frequently and I know the Conair Quick Twist Braider is not meant to give you the traditional braid or really any braid just a twist of two sections of hair together but, for me all it did was make a mess of their hair.  I was really excited to try this and I love the idea but, I could not duplicate the pretty twists that were featured in the instructions.']"
83,31,83_lotion disappointed_wrinkles did_pleasant smell_smell great,"['lotion disappointed', 'wrinkles did', 'pleasant smell', 'smell great', 'lotion does', 'favorite lotion', 'love lotion', 'faint scent', 'scent moisturizing', 'watered lotion']","[""I can't speak to the actual lotion but I was very disappointed to received open, unsealed product with lotion missing and finger marks in the lotion. Totally unacceptable."", 'Put in lotion and very little comes out. I will find a thinner lotion and try', ""[[VIDEOID:1eae7b385ee0d5e676c718735d66c52a]] This review is for the actual product delivery, not the lotion. This lotion is wonderful. The best lotion I've used in years. It's all I have been using for at least the last 5 years... This is the first time I have had a problem with getting the lotion. My first order for two bottles came and the bottles were three quarters of the way full. So they said they would send a replacement. When I open the replacement both bottles had exploded in the bag leaving at least a cup of lotion in the bag with the bottles as you can see in the video. Amazon gave me a refund, but this could have been easily avoided. The lotions used to come with the lids taped down securely so that they would not pop open and leak any product, and packed inside of a box with protection. Twice these were delivered in an envelope. So I cannot tell you what happened other than I don't have the lotion that I wanted. 🙁 What a waste! It's the only thing that really works on my eczema.""]"
84,31,84_terrible_horrible_bad_money horrible,"['terrible', 'horrible', 'bad', 'money horrible', 'horrible don', 'smells bad', 'terrible waste', 'dandruff', 'highly', 'scam']","['Waste of money', 'Waste of money', 'Waste of money']"
85,30,85_picture_like picture_disappointed_kind,"['picture', 'like picture', 'disappointed', 'kind', 'did', 'carefully', 'expected', '', '', '']","['Not as expected', 'Not at all what I expected', 'Not what I expected it']"
86,30,86_different spray_freshener_disappointed wipes_fades away,"['different spray', 'freshener', 'disappointed wipes', 'fades away', 'water waste', 'bottle water', 'fades', 'faded immediately', 'menthol', 'vicks']","[""it's like baby powder f this stuff"", 'Scent is too strong it doesn’t even smell like baby powder it smells like incense. Scent made me feel sick. Don’t waste your money.', 'The little thing will choke you... a little goes a small way. I have a strong scent of smell and wanted something light.... TOTALLY OPPOSITE! But it does smell like baby powder just very strong baby powder']"
87,30,87_looks beautiful_clogs_deserve stars_dull just,"['looks beautiful', 'clogs', 'deserve stars', 'dull just', 'price really', 'picture did', 'unit looks', 'feel product', 'product unhappy', 'sincerely']","['I didn\'t buy from this Amazon vendor and am still in the installation process.  This is what I feel about this product so far:<br />1) The funtions and the price seems very attactive.  However, there are many design issue made the installation process not pleasant.<br />2) The installation manual, as expected through preview, is horrible.  There are many key steps not clearly stated.  I have to figured them out myself and it took me long time to do so.<br />3) The design is not space saving.  The hardwares are behind the glass panels which demand space.  Although it claims to be standard 60X32.  The space inside the enclosure is much smaller than that because of the hardware behind the glass panels.  This, by the way, is not clearly explained, and I concerned about not having enough bathroom space to host it.  I had to put the frame up to understand that it requires 60X32 finished space to host the unit.  Essentially treat it like a washer/dryer.<br />4) The drainage design is not American standard, and I was told it\'s European.  The drainage pipe is only 1 1/2"" (American uses 2"" pipe) and no clear instruction in the menu on drainage hookup or choices of rough in preparation.  The flexible drainage pipe looks cheap and I am not sure how long it will last before leaking.<br /><br />I\'ll update you once the unit is finished and tested.  Oeverall, the price seems really attractive.  I recommend to have an experienced guy, which is hard to find, to put it together.<br /><br />The contractor just got the installation 95% done.  The unit looks beautiful.  Everything works.  I didn\'t regret the purchase, and feel the manufacturer should improve the product, especially installation manual, to deserve more stars.', 'I really liked this pillow until I washed it. The suction cups no longer stick so now its relatively useless.', 'The suction cups easily fall out. The pillow is fine, but all of the suction cups have fallen out within just a few uses. Would work great if you plan to never move the pillow. I have to move it around to find comfort, and the suction cups stick to the tub and pull out of the pillow.']"
88,30,88_bad_product_cheap product_product cheap,"['bad', 'product', 'cheap product', 'product cheap', 'good', 'quality great', 'great', 'cheap quality', 'returned cheap', 'great just']","['Cheap.', 'Cheap!!!!!!', 'Cheap.']"
89,30,89_color hardly_like faded_like glitter_glitter,"['color hardly', 'like faded', 'like glitter', 'glitter', 'color really', 'readable', 'isn broken', 'impossible clean', 'color', 'ghost']","['Undisclosed glitter added????', ""Haven't tried the actual glitter yet, when I opened to box literally glitter all over the box and everything in it. And now it's all over me and my couch."", 'Not sure if this product provides any real benefit but it will leave glitter wherever it is applied. I didn’t see glitter in the description and I’m not sure why anyone would put glitter in this product.']"
90,29,90_cheap didn_lasted months_dissapointed_bought different,"['cheap didn', 'lasted months', 'dissapointed', 'bought different', 'bad did', 'didn fit', 'didnt fit', 'sellers', 'fit waste', 'man']","['The items don’t fit in the case.  The case will inevitably break due to forced closure.  Buy something else.', 'I did like the phone case', ""I would love this phone case if my phone fit in it!!! Such crap I buy this thinking it would work with my phone, and of course it doesn't.""]"
91,29,91_looks_used great_sucked_looks nice,"['looks', 'used great', 'sucked', 'looks nice', 'thought good', 'thought', 'good used', 'thank', 'expected good', 'good picture']","['Good', 'This was good', 'not good']"
92,29,92_product dried_product refund_dried product_dried unusable,"['product dried', 'product refund', 'dried product', 'dried unusable', 'came dried', 'arrived dried', 'threw product', 'feels dry', 'uses product', 'rub']","['It dried up 2 days after I opened :(', 'Dried out when first opened.', 'Product was dried up .']"
93,28,93_product leaked_review product_product use_body wash,"['product leaked', 'review product', 'product use', 'body wash', 'bought product', 'lose product', 'water', 'defective', 'leak', 'purchased said']","['It leaks.', 'Leaks', 'Mine leaks all over...']"
94,28,94_try brands_price guess_pretty terrible_removed hairs,"['try brands', 'price guess', 'pretty terrible', 'removed hairs', 'better products', 'piercing', 'pierced', 'money impressed', 'product failed', 'night product']","['Used product for more than a week after showering in the morning.  When I would go to bed at night, the product had failed, requiring a second application.  Save your money and time; use a different product.', ""Save your money! I've used it twice for neuropathy and it lasts maybe an hour. So it doesn't help me sleep throughout the night. What works better is 3 drops of Cypress essential oil mixed with hand lotion and rubbed on my legs with upward motion (toward the heart).  That seems to last through the night.."", ""This product is ridiculously ineffective.  Not only did it NOT work to relieve pain, but it stinks like crazy! I could not get the stench off of my skin - even after scrubbing with a soapy washcloth!  I had to wait for it to wear off - took 2 days - while the smell made me sick to my stomach!<br /><br />And good luck getting your money back when you contact customer service! They have a scam going where they keep sending this crappy product every few months and charging your credit card for $80!  And there is no returning the product for any kind of refund, even if it is UNOPENED.<br /><br />Don't waste your money!""]"
95,28,95_super expensive_money cheap_cheap garbage_expensive tiny,"['super expensive', 'money cheap', 'cheap garbage', 'expensive tiny', 'eventually broke', 'crap bought', 'sorry product', 'quality just', 'messy use', 'don buy']","['These do NOT work. I followed the instructions, dropped the bath bomb in the water, it fizzled for a few minutes and then eventually broke apart into several pieces...', 'I should have listened to the reviews. I did not get what i ordered which is so irritating.  I was really looking forward to getting these so i can try them and see if they work, but instead i will be returning it and hopefully get my money back.', 'They don’t work. Whether you let it dry or don’t. Tried all the ways possible to make it work. I wasted my $15 bucks. Don’t buy em. Don’t be fool.']"
96,28,96_didn work_worked just_did work_work didn,"['didn work', 'worked just', 'did work', 'work didn', 'worked', 'junk', 'bad', 'just fine', 'work did', 'looked bad']","[""Didn't work"", 'Didn’t work', ""Didn't work""]"
97,28,97_hide hair_worst hair_braid_does braid,"['hide hair', 'worst hair', 'braid', 'does braid', 'length hair', 'hair point', 'gap hair', 'inch hair', 'reviews hair', 'hair 12']","[""I ordered 18 inches. The label says 18 but it's more like 14 inches at the bottom and and 10 inches at the top. The hair is very soft. Shiny like doll hair. The ends were VERY thin. The front is very thin."", 'I received 2 14inch bags and no 16 inch bag. The 14 inch was labeled as a 16 inch bundle, yet it was the same size as my 14 inch bag. Due to the 18 inches being in my hair there’s no chance for a return. Make sure you open the bags and compare the products length. Otherwise you’ll be disappointed. This has left a huge gap in my hair line. I would love a refund for this product.', 'Although the hair was nice and the package arrived in a timely manner, this product I ordered was inaccurate based on the description. The description stated 14 inch hair, as you can see in the picture it is much longer than that. My stylist told me this is 18 inch hair. Very disappointed because I didn’t want my hair this long, so beware.']"
98,28,98_didn buy_did order_pure junk_glad didn,"['didn buy', 'did order', 'pure junk', 'glad didn', 'trash ordered', 'sorry', 'terrible', 'don buy', 'junk junk', 'disappointed junk']","['Junk!!', 'trash', 'Trash']"
99,27,99_shampoo runny_like shampoo_wax gel_dry gel,"['shampoo runny', 'like shampoo', 'wax gel', 'dry gel', 'gel clear', 'gel doesn', 'gel gel', 'gel nice', 'gel', 'gel does']","['It’s hyaluronic acid gel that’s $16.50. Too expensive. You can buy this same type of gel for $5', ""I bought both the bath gel (which isn't a gel thickness. More like shampoo. Very thin and runny) and body lotion.  They smell good, but the bath gel makes bathtub very slippery, more so than American brands. Worst thing was the packaging. The plastic tubes are beautiful. But when they pack them for sending, they wrap them in waterproof tape which cannot be removed without ruining the appearance of the tubes. In getting the wrapping tape off so they can be opened, the labels are also removed and a black ugly residue remains on the tubes. They say they are from Italy, but were shipped from China. Looks like someone's home chemistry product being marketed as professional. They need to hire some competent experts to help them with marketing."", 'Change your description it say gel but it is not']"
100,27,100_greasy product_extremely greasy_felt oily_like wax,"['greasy product', 'extremely greasy', 'felt oily', 'like wax', 'skin break', 'wax', 'scalp', 'wrinkled', 'hair feel', 'heavy greasy']","[""Sticky detangler... Leaves heavy buildup on hair, which makes hair look greasy within a few hours. Terrible product, not even a good detangler! Very disappointed, as I was looking for a better product for my 5-year old daughter's thick hair. Would DEFINITELY not recommend to anyone! Very disappointed :-("", 'Not what I expected. Felt like grease and looked greasy on me.', 'greasy']"
101,27,101_look product_usable disappointed_amazing quality_distorted,"['look product', 'usable disappointed', 'amazing quality', 'distorted', 'seller return', 'ordered new', 'bought expensive', 'asked replacement', 'came cover', 've issue']","['Received the mirror in a flexible envelope. mirror was broken to pieces.', 'It said mirror effect and the bottle was all shiny and mirrored like but it had no mirror effect at all.', 'Nice mirror, but arrived a little damaged. The corner of the left mirror is chipped.']"
102,27,102_old bottle_product spilled_seal broken_mess product,"['old bottle', 'product spilled', 'seal broken', 'mess product', 'love gel', 'color fine', 'used returned', 'scraped', 'product seal', 'product factory']","['got the product in a timely matter but it has been opened and appeared not full.  no safety seal. lid had been taped up with packing tape.', 'The lid was broke and the oil was all spilled when i opened the package.', 'This particular color Arrive with no security seal. The other color I ordered was fine. When I used this one is did not go on as well as the other Orly breathable polish that I’ve ordered. It actually started wearing off that day. It’s my guess that with no security seal this may have been an old bottle most likely used. My other color is fine and as expected.']"
103,27,103_work pretty_shower caddy_shower week_loosens,"['work pretty', 'shower caddy', 'shower week', 'loosens', 'retail store', 'poorly return', 'weekly', 'disappointing buy', 'quality buy', 'buy came']","['It falls apart easily!!', 'The product was received by me in early September 2017.<br /><br />Unfortunately, the product is defected. The base where the stand sits was loose and screw came out. Had to use crazy glue and eventually tape to hold the stand together. Should have purchased a less expensive version. See my pics. Clear tape was used to hold together. Now the stand has to stay put together. I’m araid to take it apart or it may collapse.  Too late to return. #Ugh', ""I had a Beltronics radar detector and had an Arkon mount that's similar to this one. I never had any problems with the Arkon mount but cannot say the same for this mount. After the Beltronics was stolen, I purchased a Cobra replacement and this mount to replace the Arkon windshield mount because it would not work with the Cobra, but this mount is nowhere near as good as the Arkon mount was. Specifically, the differences between this and the Arkon are two:<br /><br />1. I have to reattach the mount to the windshield weekly because it eventually loses its hold and falls off.<br />2. I have to retighten the leveling screw often because it loosens with vibration and the detector doesn't stay level.<br /><br />You're better off using the mount that comes with the detector than spending extra money for this one. There also may be others sold on Amazon that are better than this one.""]"
104,26,104_product guess_product perfect_think product_product great,"['product guess', 'product perfect', 'think product', 'product great', 'pick product', 'product worth', 'better product', 'overpriced product', 'code', 'product big']","[""Value for money. You get what you paid for.<br />Very thin, don't even think about getting a second wear out of this.<br />Doesn't look like the picture ...at all."", 'Got it for a gift. After receiving it, I felt robbed. A permanent price on the item of about $1.99, after I paid more than $8 for this item made me feel betrayed and robbed. I encourage entrepreneurs to make profit, but this was a little over the top for me. I just wanted to make my grandson happy and would never have known the real retail value otherwise.', 'Not worth the high price.  Many products on the market  just as good for a better value']"
105,26,105_product terrible_product horrible_products awful_terrible product,"['product terrible', 'product horrible', 'products awful', 'terrible product', 'product bad', 'horrible product', 'bad product', 'awful product', 'product disappointed', 'disappointed product']","[""I don't like it. I read a lot of reviews before buying this and a friend of mine told me she like it. Well, it is one of those products I guess that some do like it some don't. I just feel it is over priced and you could find something as good for a whole lot less."", 'Did NOT like this product at all !', 'Did not like this product.']"
106,26,106_thing broke_item does_stuck hair_brand did,"['thing broke', 'item does', 'stuck hair', 'brand did', 'contents leaked', 'cheap didn', 'night product', 'tried hair', 'looks different', 'tore hair']","['Changed my hairstyle. Remember these from when I was a kid. Buy coated ones. It pulls the hair to remove!', 'Too big and awkward, pulls hair when you remove', 'Pulls your hair, not at all like the wetbrush brand']"
107,26,107_bottle useless_unpleasant smell_smell putting_clean away,"['bottle useless', 'unpleasant smell', 'smell putting', 'clean away', 'buy bottle', 'bottle hoping', 'rid', 'dirt', 'hole', 'heads']","[""Doesn't work at all. It did not remove any blackheads."", 'This product did nothing to my blackheads. I have a combination skin, with blackheads only on my nose and some on my chin. I have been using this product as directed for more than a week now and I do not see any difference in the appearance of my blackheads. Will still keep using it until I finish the bottle hoping that it will work eventually, but looks like I am not going to buy another bottle of this useless product.', ""I thought this would pull out a lot of blackheads, but it didn't. You're better off getting the Biore strips if you want to really pull out blackheads. On the plus side though, it does make your skin feel really smooth just doesn't pull out any blackheads.""]"
108,25,108_product red_product unreliable_product mind_overpriced product,"['product red', 'product unreliable', 'product mind', 'overpriced product', 'money worked', 'item really', 'reviews stating', 'kind product', 'product company', 'worked']","['Motor has very little power, stops mid use sometimes', 'Nevermind the noise. Nevermind the lack of any kind of edge (surely a precise cut should be a priority for this kind of product). Never mind the less-than-impressive construction, where you are constantly worried about the thing coming apart in your hands.<br /><br />The most annoying thing about this hugely overpriced product is the unreliable motor which cuts out at frequent intervals regardless of the battery charge. It\'s just a cheap, old and tired product that needs bringing into the 21st century. It\'s the sort of product you see advertised on TV with a ""but wait! There\'s more!"" add on.<br /><br />Maybe there\'s a knack to getting performance and reliability from this shoddy plastic toy but it\'s going to be a mighty long time before I waste good money on a product by this company again.<br /><br />Avoid.', 'Not enough power in the motor to spin the head. I returned the item.']"
109,25,109_getting hair_hair caught_hair constantly_received good,"['getting hair', 'hair caught', 'hair constantly', 'received good', 'order new', 'tails', 'received quickly', 'day received', 'arrived broken', 'easily bought']","['Missing rhinestones', ""Beautiful crown, but falls apart easily. Bought for my daughter's 9th birthday. She has worn it a handful of times in the 2 weeks she has had it and multiple gems have fallen out and just last night half the crown came apart from the band."", 'Beautiful in the picture affordable and fast shipping. Arrived exactly when it said it would. Packed well and came in a cure little pink draw string bag. But when I took the crown out of the draw string bag and out of the plastic this royal illusion shattered! As soon as I touched it 90% of the jewls fell off this crown!!! My daughter was devastated as we had ordered it for her birthday party. I had to painstakingly glue back on each individual jewl as there was not enough time to order a new one. When in one piece the crown is stunning. But I never thought the affordable price would have meant it would break as soon as it hit air.']"
110,25,110_cheap hair_looks bad_quality wear_bad,"['cheap hair', 'looks bad', 'quality wear', 'bad', 'hair cover', 'hair', 'texture good', 'seamed', 'line hard', 'brush self']","['The hair color  was pretty, but the braids badly done, and the tracks were visible, it looked fake, fake adversating saying the line hair looks very natural. I returned, I wanted a nice braided wig, maybe if you unbraided could look nicer.', 'The platinum blond arrived is yellow - a golden blonde. Also the straight across seamed line would be hard to hide unless lower in hair with sufficient hair to cover the straight seam. A rounded narrow attachment piece is much easier to hide.', ""Didn't quite match with my hair color as I do not dye my hair but overall a nice looking color if you do have colored hair.  Didn't quite work for my hairline/hair texture as my natural hair is baby fine.""]"
111,24,111_shaped weird_really messy_odd shaped_messy,"['shaped weird', 'really messy', 'odd shaped', 'messy', 'messy definitely', 'worst', 'worst thing', 'shaped', 'weird material', 'weird']","['too messy', 'VERY MESSY', 'Clumpy too wet and messy']"
112,24,112_sucks paint_little color_does color_poor product,"['sucks paint', 'little color', 'does color', 'poor product', 'good quality', 'received black', 'sponge color', 'price did', 'horrible dry', 'decent price']","['Firstly, I ordered the 80 pack of these makeup sponges to do some of my artwork,  so I would love for them to be a nice triangle shape so I will not have any difficulty getting right on to the project. And yes, I know that these are Makeup Sponges, but I’m pretty sure anyone who orders these for makeup would love for them to be a nice shape  without looking like they’ve gone through hell and back as well. So I get my package today, and I counted that I only got 50 and not 80. Then I looked through them and I separated the ones that were a perfect shape, the ones that I could cut to make okay, then the ones that could not be saved at all because of how dented, torn, and just not a flattering triangle. And out of the 50 I got, I could only save/use 30. So I paid for 80 sponges, only received 50, and can only use 30. And I paid a very decent price and did not get what I paid for.<br />So will I buy this again? - Ehh. Depending on if the price lowers, then maybe. However, I will make sure to buy 2 packages instead of just one to at least get a little more of my moneys worth.', 'The sponge was of poor quality, cheaply made and some peaks on the sponge were missing.', 'Nothing more than a sponge in a can.']"
113,24,113_heavy face_skin_face_fast product,"['heavy face', 'skin', 'face', 'fast product', 'favorite product', 'skin lot', 'spray', 'dry skin', 'tried clean', 'lotion doesn']","[""This lotion is too expensive for not getting results. I think that you have to wear this lotion at nights since it doesn't have any UVA protection, I don't know if the ingredients are not for sun but since it has olive oil, I don't think you should exposure yourself in the sun while wearing this lotion. I feel my skin soft after wearing this lotion but I have not seen any results. I have seen good changes with my skin with the DHC pure soap and mild soap, I thought this lotion was going to be the complement of getting my sink into the point I want for what I read in the description. I bought this product this past February, I will continue using it until I finish it, because actually there is not need to add a lot on my face and neck, if I get to see some change I will come back and tell you all about it. This lotion came sealed in its box, not sealed from the lid, but well sealed from the box. I think the lid should come with plastic protection around it."", ""This product was advertised in a Wishtrend video as a recommendation for dry skin.  I have been using it for a couple months but ultimately had to put it away and try something else because I couldn't deal with the way this product felt any more.<br /><br />It doesn't feel like skincare or like a great Kbeauty sunscreen.  Kbeauty usually boasts sunscreens that are lightweight, nongreasy, and leave no white cast.  While this doesn't leave a white cast, it feels extremely heavy and greasy.  It comes out very thick and hard to work with.  You have to pull at the skin a lot in order to apply the product evenly.  It takes a long time to absorb and I could tell a big difference in makeup application when I decided to forgo this product some days.  My cushion foundation just did not apply well over this product and it caused it to slide around on my face.<br /><br />At the end of the day, it didn't feel like a high end, high grade sunscreen but rather like any old sunscreen you can get from the store.  Save your money and try something more water/essence like.  I traded this for the Missha soft finish and am MUCH happier."", ""I love tinted sunscreen. I am currently using Elta MD tinted sunscreen and wanted to try an alternative that is similar since Elta MD is a pretty expensive brand for a little bottle. I was debating between Blue Lizard sunscreen or this brand. I bought this cause it was a tinted sunscreen as compare to blue lizard it is not. But I have to say it feels really heavy on my face as if I put lotion on it. And after washing my face with water it leaves a white residue. The residue does come off with my cleanser. I also started breaking out with little zits here and there after using this. This tint color is a few shade darker than my complexion which makes me look like a charcoal looking tan after I put it on. And I thought I was on a darker tan complexion. It does fade away after a few minutes. I think I'll probably stick with what I'm currently using for now and continue to use the remaining bottle for my body instead of my face. But this one is just not for me.""]"
114,24,114_body lotion_bottle look_sephora_small bottle,"['body lotion', 'bottle look', 'sephora', 'small bottle', 'bottle small', '25 product', 'overpriced small', 'container product', 'oz bottle', 'product week']","[""this is a travel bottle .  made it look like it was the larger bottle.  small travel size.  don't get tricked."", 'My daughter tried this at Sephora and loved it and it is expensive so I thought this would be a good stocking stuffer size for her as it advertised ""Deluxe Travel Size""  not, sample size.  Travel size and sample size are two different things.  I tried to return it but it\'s non-returnable.  I am not happy at all.  I could have just went to Sephora and got a free sample and saved myself $14!  Not at all happy with this purchase.', ""I am disabled and unable to get out nowadays anyway but needed this product. Placed my order and today when they arrived it was two 2 oz. size, the travel size!  And...it is not eligible for Return! I ordinarily pay $3.99 each and didn't mind the given price for the two, but this is beyond a ripoff. I am so angry right now I can't even tell you.""]"
115,24,115_straw hair_life hair_styling products_hair dryer,"['straw hair', 'life hair', 'styling products', 'hair dryer', 'hair', 'hair torn', 'searching hair', 'styling tool', 'cheap plastic', 'second hair']","[""My mistake; I was searching for a hair dryer with more than 2 speeds and this one popped up on a web site with 5 speeds.  I couldn't believe it. Then I went to Amazon to buy it because the price was better. Wish I had read the description because it has 2 speeds.  It blows my hair all over the place.  I have very thin, longish hair.  It is heavy and a little clumsy to hold.  Hot Tools once had a hair dryer where you could gradually change the speed.  It was amazing.  I wish they still made it."", ""I bought this hair dryer based on all the positive reviews, but it was a huge disappointment.  It came in a beautiful box, but the dryer was heavy and the exterior was almost of a cheap plastic coating.  The exterior didn't really bother me given the price, since I had hopes for the interior mechanisms, which promised quick drying, sleeker hair, etc.  it worked ok, I would've given the dryer 3 stars until around 5-6 months later, it stopped working.  It sputtered then died.  Save your money, this dryer isn't worth it."", 'I liked this diffuser, but only had for five months and the head of the diffuser came off the body while it was attached to my hair dryer. Super disappointed that it didn’t last long and that there’s no way to fix it.']"
116,23,116_hair body_worth money_rollers_hair growth,"['hair body', 'worth money', 'rollers', 'hair growth', 'roller', 'doing damage', 'little quality', 'stuff', 'face', 'reviews use']","['The packaging is actually decent. Roller came with a nice storage pouch. Unfortunately, the large roller head arrived detached from the stem. The manufacturer simply uses glue between the stem and the sleeve of roller heads. The smaller roller head works fine, but has a pretty annoying squeak when being used.', 'Too hard to roll up on roller.', 'LENGTHY Review ahead:<br /><br />First let me start by saying I am a woman in her early thirties and knew it was time to start some sort of skin care regimen. That being said I began to see these face rollers for dirt cheap all over amazon but surely I was not going to buy a cheap product for my face I mean a lady needs to keep these fine lines at bay lol I needed a quality product and if it were cute double win.<br /><br />Anyway I found this Jane & Co roller and stone set and I thought ehh $30 or so for the roller and stone thingy it ought to be a better made product right?! Wrong!! Unfortunately I just received my package last night and was so excited to use it this AM and from the pic you can tell they can have a great thing going from packaging to the personal note which made me smile. However just taking my roller out of the package not even using it ONCE it was broken 🙁😔😢😣 the reason I personally spent more than double on this set as opposed to those other cheap ones was to not have to deal with a faulty product but honestly you can not say you get what you pay for with this roller! It is so cute too, what a disappointment!<br /><br />So I returned the initial roller and stone set but for the same item hoping with all hope that the subsequent roller would be better quality. However it is not (check out pics posted) I really wanted to love this roller because black is my color and the package is adorns but this is just ridiculous unnacceptable and a waste of my time and money!! Note the first roller was broken on the small end and now this one on the larger end. STRAIGHT OUT OF THE PACKAGE!!']"
117,23,117_waste money_dont waste_wasted money_don bother,"['waste money', 'dont waste', 'wasted money', 'don bother', 'don waste', 'waste time', 'bother', 'waste', 'did', 'dont']","['Don’t waste your money', 'Don’t waste your money', 'Don’t waste your money, they don’t stay in.']"
118,22,118_nozzle broke_hair ended_worked unfortunately_ruined hair,"['nozzle broke', 'hair ended', 'worked unfortunately', 'ruined hair', 'hair advertised', 'longer worked', 'dry tangled', 'returned hair', 'dry stringy', 'hair']","['I wish I could give this zero stars! I put this on. Let it air dry for 45 minutes, rinsed and used the moisturizing packet. My hair was so dry and split ends galore! I do not recommend. My hair is highlighted and I straighten it so I figured a protein treatment couldn’t hurt. I was wrong. I had to chop off two inches of damage.', 'I returned the hair spray once I read the ingredients list and found Acetamide MEA. This chemical is used in many hair products and has been proven to produce tumors in animals that were exposed to this. I had returned the products months ago and gave my reasons for doing so with links to back up what I was saying. I did not get a reply stating that the Acetamide MEA would be removed. Do you really want to put this on your scalp and let the chemical into your body?<br /><br />[...]<br />[...]', ""I know many people have claimed that these pills worked for them, but unfortunately they did not work for me. I read many of the reviews and they suggested that they work after 2 months. I ordered a 2 month supply and really haven't noticed anything at all. I personally don't like the smell or taste of the pill and they are quite big. I take other vitamins and I feel that I don't need these to make my hair strong or anything. I tried it and I just don't like them. I'd rather save money and not have to deal with the taste and smell of these pills, and just get the nutrients I need from food intake and other supplements like MSM that Ice started taking. Maybe if I used them longer they might of worked, but personally they did NOTHING for my hair.""]"
119,22,119_works ok_daughter tried_bought headbands_everyday use,"['works ok', 'daughter tried', 'bought headbands', 'everyday use', 'makes hard', 'stretchy', 'bad thing', 'work said', 'reason bought', 'worse']","[""There's too much slack in these headbands to work.  When I loop a mask over the buttons, the buttons just slide forward and the mask does not stay in place.  Can't tell if they are just too large or if it is the material being too thin.  Excessive packaging with multiple layers of plastic bags inside of plastic bags."", 'The buttons are behind my ears and I’ve asked some of the girls at work and they said that I have to take the buttons off and move them up further so I can put my mask straps on to them love the colors. Also they are too large for me', 'I am on oxygen and I also wear a mask to prevent germs from entering my system. So I wanted a headband that have buttons on it. Because too many loops around my ears hurt. It would have been nice if it had buttons. No buttons to be found.']"
120,22,120_shop item_amazon disappointed_broke received_paid item,"['shop item', 'amazon disappointed', 'broke received', 'paid item', 'item missing', 'item great', 'buy quality', 'products make', 'cheap', 'dark colors']","[""[[ASIN:B000KE40ZW Wide Hematite Powerful Magnetic Bracelet for Arthritis Pain Releif or for Sports Related Therapy]]<br />Wore it a couple days and the elastic broke spreading black pearls everywhere.  Don't buy this item."", ""This was the worst product I have ever bought off amazon. The  Picture on Amazon, shows this beautiful necklace it looks like a green globe. Now don't get me wrong, I realize that it wasn't inexpensive necklace. You do get what you pay for. But I've purchased other inexpensive necklaces off of Amazon and I was never this disappointed. I pulled it out, and just  The stone alone, being flat instead of round, was quite shocking. I also purchased it because I thought that there was no tarnish ability to it. I thought That it was made out of beads and ropes but the back of the necklace is a cheaper gold flake and is Def tarnishable. I mean I guess that's what you expect for an inexpense necklace.  But I definitely do not recommend this product for anybody. Unless you're five. Then maybe you'll find it great"", 'When I got these I was super excited since all the necklaces were very cheap and cute, they were super cute and also super cheap .... witch was expected but right out of the package they reeked of chemicals so strong that even after washing and trying to use rubbing alcohol and wipes to remove was still there and would be able to be smelt if worn. The necklaces are practically unwearable because of the smell and judging by how pungent it is would most likely not be safe to be worn on skin for prolonged amounts of time. Also when I looked at one of the necklaces I saw some weird brown crust on one of the unopened necklaces witch isn’t really a good sign. I’d say that if you really want some cheap jewelry and you don’t mind the fact they smell like wd40 go for it cause it’s a pretty good deal but I’d recommend just saving the money and buy a more quality necklace at hot topic or your local goth/alternative shop...']"
121,21,121_haven used_durability_fell apart_durable,"['haven used', 'durability', 'fell apart', 'durable', 'used waste', 'used broken', 'cheap broke', 'came broken', 'money pretty', 'waste money']","[""It feels durable and sturdy, it's a little small, also has a warp to it even after trying to smooth out the bubbles"", 'Not durable. Broke the first time used. A waste of money.', 'Not durable, cheaply made']"
122,21,122_sorry product_taste awful_wax_taste terrible,"['sorry product', 'taste awful', 'wax', 'taste terrible', 'tastes awful', 'previous reviews', 'nasty taste', 'tastes terrible', 'tastes horrible', 'terrible']","[""Little to no flavor. Flavor level on a scale of 1-10 = 2. The toothpick itself is great and long lasting. Improve the flavor and I'll become a regular customer"", 'Sorry, this product tastes awful.  Giving it away to someone who will use it anyway.  I mistakenly believed that these would taste like the ones I gave to my patients to use.  I have used those other ones on myself.  I may try to see if placing them in a mouthwash solution before use helps improve their flavor.', ""Does not taste very good. Overwhelmingly sweet. Cloying.<br /><br />One note with the chili. Not spicy chili and no other flavor really rounds it out. Low on acid. One note.<br /><br />Tastes like :panda express' sugar sauce.<br /><br />And don't get me wrong I love sweet baby Ray's bbq sauces. They have some depth. I liked them so I tried this, and now you don't have to.""]"
123,21,123_rough hair_perfume barely_barely scent_better scent,"['rough hair', 'perfume barely', 'barely scent', 'better scent', 'cheap smell', 'best purchase', 'dandruff', 'smells good', 'products', 'oil perfume']","[""This is my third purchase of Bold Man Mad Man Beard Oil. I love the stuff. But this bottle had no scent. Just a mild, neutral oil, maybe a little rancid.<br /><br />I sent them an email and a message using their contact form with no response. I guess I'll be returning this bottle and looking for a new brand."", 'TERRIBLE EXPERIENCE....  So there is barely a scent.  Also I washed and rinsed product from my beard very well.  This soap actually caused the worst beard dandruff I have ever had.  I had to throw it away.  Went back to my VR beard wash and conditioner which keeps me from getting beard dandruff at all and my beard stays soft.', 'First off I love the oil made by this company, I think it is the best beard oil made, so I figured I would try the balm. To begin with the smell is great IN the tin, so my hopes were high. The problem is that this is the hardest balm ive worked with. It is literally a solid brick. Yet I trudged on, scraped some out and worked it into my palm (which took much more then it should have, and left my hands very greasey afterward) The smell was what I noticed second, it lost the nice minty smell from the tin and changed when heated up to almost a mildewey smell. Not pleasent. Will continue to buy the oils as I love them but I will pass on the balm for now.']"
124,21,124_clamp_item_jaw_item hard,"['clamp', 'item', 'jaw', 'item hard', 'irritated eyes', 'irritated', 'heavy', 'eyes', 'heavy difficult', 'drawer']","['Very difficult to use.', 'Difficult to use', 'difficult to use']"
125,21,125_silk_cover hair_hair ruined_hair specifically,"['silk', 'cover hair', 'hair ruined', 'hair specifically', 'like shampoo', 'cap hair', 'black dye', 'hair work', 'head hair', 'hair end']","[""I don't like this shower cap. It's made of stiff plastic and it's very noisy when shower water hits it."", ""The cap is SO cute, but it's small and the elastic isn't tight enough to keep water out. My head fits but just barely, and I don't consider myself to have a large head at all.  I also normally wear a scarf or 2 underneath any shower cap to keep my silk press/straight hair from being ruined. Unfortunately this cap is def too small for that. Without a scarf yes it fits, but it's tight (in a too small way) + the elastic isn't that tight. With those factors combined I felt like any sudden movement in the shower would cause the cap to rise in the back and that part of my hair would easily get wet, especially if I were to tilt my head down while shaving or something."", ""I bought this thinking (and hoping) it would be a good shower cap for my thick, shoulder length hair. No such luck. The shower cap is made well, the elastic part is nice and soft and it seems to be comfortable. It is terry cloth lined, which also seemed nice, but I think the liner may have played a part in the fact that it did not cover my hair. At the end of my shower, my hair was wet at the nape of my neck and along my forehead. I won't go as far as to say I hate it, but it DID NOT work for me. My hair is not that long, but I do have A LOT of hair. It may work for long hair of average thickness, but if you have even shoulder length hair that is thick, and would prefer it stay completely dry as you shower, don't buy this shower cap. Spend the extra money and get something that fits.""]"
126,21,126_hair waste_hair useless_dry hair_product good,"['hair waste', 'hair useless', 'dry hair', 'product good', 'hair lightweight', 'hair extremely', 'thinner hair', 'hair work', 'good product', 'heads']","['Definitely not for thick hair.. the airflow just isn’t  powerful enough and it takes me almost twice as long to dry my hair compared to my $10 conair.', 'Nope, not for short hair, and certainly not for thick hair. Waste of money. Flat iron easier and MUCH quicker... just like other reviewers tried to tell us :-)', 'Can’t put short hair in..']"
127,21,127_expensive_try_sucks honestly_sucks,"['expensive', 'try', 'sucks honestly', 'sucks', 'worth money', 'lasted', 'lasted days', 'worth purchase', 'honestly worth', 'price']","['Not worth the money', 'Not worth the money', 'Not worth the money']"
128,20,128_shave entire_adheres_mirror worked_don shave,"['shave entire', 'adheres', 'mirror worked', 'don shave', 'won stick', 'hair floor', 'defect', 'mirror does', 'shaving', 'design nice']","['Mirror is not fog free. No better than any other shower mirror on the market.', 'It is advertised as anti-fog however, it is definitely NOT anti-fog.  It will fog within the first few minutes...  after that it gets a weird bubbly in the glass (which is actually plastic)  Definitely not worth more than a dollar.  Pretty disappointing.  :(', ""Not even remotely anti-fog.  Foggiest shower mirror I've ever used.  It adheres to my shower wall just fine (like all Tooletries products have for me), and the size and design is nice.  But it's ridiculous how much and how quickly it fogs.  Right from day 1, out of the box.  Instructions say to avoid getting water on it, but it made no difference.  In fact, the only way to use it it is to spray it with the showerhead every 30 seconds or so.  If you breathe on it, it will instantly fog.  Not conducive to safe shaving.  I should have returned it within the 1 month window.  Not sure what I'll do with it now, probably throw it away.  After a month I even treated it with McNett anti-fog Op Drops, but it doesn't help.  I love the other Tooletries products, but this one is a big disappointment.""]"
129,20,129_doesn stick_does stick_sticks fingers_hair tape,"['doesn stick', 'does stick', 'sticks fingers', 'hair tape', 'tape slips', 'tape hair', 'stick ve', 'use tape', 'doesn work', 'does hold']","['Awful!!! Tape was horrible...they all fell out. I’ve used tape’in for over 3yrs and I’ve never had this happen.', 'Tape is weak', '[[VIDEOID:c36f4b342b1666cfe632040ed52c8e3d]] The first thing I noticed was that the tape ins were super thin the second thing was I paid 93 dollars for three packs of thin tape ins for only two of them to arrive smh I won’t be surprised ordering from this company again']"
130,20,130_pencils_product fails_horrible look_dried use,"['pencils', 'product fails', 'horrible look', 'dried use', 'completely dry', 'impossible use', 'esthetician', 'dry', 'dry use', 'bit disappointed']","['Its wasnt that easy to use or put on not much of the liner came out but it does look super cute', 'TERRIBLE<br />very faint, not a dark black liner like advertised<br />pale black, looks like it’s been worn for a day upon initial application<br />don’t waste the money<br />went ahead & purchased lady gaga’s brand for a few more bucks', 'The liner that came in my kit was dried out I had to use liner I had from another brand and it was smaller than I thought it was a messy mess']"
131,20,131_product worst_worked wonderfully_purchased totally_terrible did,"['product worst', 'worked wonderfully', 'purchased totally', 'terrible did', 'work look', 'work ink', 'good outcome', 'skin came', 'blotchy', 'product smooth']","['this idea is great. printable tattoo paper and the color looks great. you can also color in with sharpie and still looks awesome. HOWEVER! the adhesive in this particular product is thicker than normal. its like wearing a clear sticker. it wrinkles the skin and itches like crazy when you remove the tattoo. i would recommend this IDEA of tattoo paper but not this brand', 'Same as any other temporary tattoo stickers.', ""I have purchased other tattoo paper before and it worked wonderfully! I was even often asked if my temporary tattoos with real! So, I decided to try this Bundle Monster version because it was a much better deal and I could order more than one sheet at a time. I now know why this was such a good deal, it absolutely doesn't work!!! All of the ink would get stuck to the plastic covering and then you couldn't apply the tattoo with the paper at all. I even tried to just apply the plastic side, but this was also a disaster as it stuck to itself and stretched to the point that it looked like a blob, rather than a really cool tattoo. I followed the directions very closely and, as mentioned before, I've printed temporary tattoos no problem! That leads me to conclude that this product is just garbage. And, of course, because it is used, I cannot return it.""]"
132,20,132_brush use_doesn dry_self tanner_best,"['brush use', 'doesn dry', 'self tanner', 'best', 'dry hard', 'isn best', 'did use', 'completely dry', 'color good', 'won stick']","['Color is splotchy/thin with application lines even after 3 coats.  Chipped after only 3 hours of normal wear. Used with prep & active top coat. Waited to COMPLETELY dry between coats!', 'Colors are not opaque. It takes at least three coats for color but still not good coverage', 'I had to put three or more coats on the get the color and coverage that I wanted.']"
133,20,133_hated_hated hair_dislike_horrible tried,"['hated', 'hated hair', 'dislike', 'horrible tried', 'horrible hair', 'hate', 'terrible hair', 'hair horrible', 'tried make', 'hair awful']","['The worst hair ever purchased it suck & I hate', 'Worst hair ever!! It was heavy for no reason and way smaller then I thought. Kinda hard to install to, all the curly parts were nappy and brittle. All those packs didn’t even fill my head.', 'All around horrible. We tried everything to make it look halfway decent, nothing worked. My daughter was super excited to have long pretty hair, and this was an epic fail.']"
134,20,134_defective_cheap piece_paid cheap_worked fine,"['defective', 'cheap piece', 'paid cheap', 'worked fine', 'worked like', 'know cheap', 'worked 10', 'worked', 'does dry', 'dry uv']","['I bought these because I needed lights walking to my car. We are in direct sunlight and the lights are dim. They only get bright occasionally. I would not recommend these to anyone. There are much better lights on the market.', 'My other UV lamp stopped working and I was excited to get this one just to find that it is entirely defective. The timer on the outside works but the internal lights do not turn on no matter what I try. They are sending me another and I will return this one. Hope the next one is not as disappointing as this one.', 'My lamp is not working after the first use the timer starts but the lights won’t come on can someone help me fix this 😩']"
135,20,135_didn work_product does_tried_bother product,"['didn work', 'product does', 'tried', 'bother product', 'tried times', 'tried lashes', 'product feels', 'lashes product', 'doesn curl', 'lashes stick']","['Despite burning my eyelid, this product only created a curl in my lashes for about a minute. After taking about 5 minutes to get to the top hearing level, the curler held my lashes, but could not curl better than a normal, metal eyelashes curler', 'Does not work like an eyelash curler should', 'I bought this pretty much just for the eyelash curler, and considered the other stuff extra bonuses.  It was nicely packaged, and looked great. However, the eyelash curler felt like a cheap plastic toy, and broke after less than half a dozen uses.  The on/off switch stopped working, and a metal plate on the inside that works the switch just came off and fell right out, so I was not even able to repair it. While it was working, the eyelash curler was sub-par anyhow, and the one I had replaced this with (because I was not totally happy with it) worked way better than this one.  The curler was a disappointment all around, to say the least.<br /><br />  Though I will give this an extra star, just because I did really end up liking the other stuff in the kit, even though I did not purchase this for those items initially.  The mirror feels sturdy and quality, and the other tools have come in handy. I will now need to purchase another eyelash curler again though, so I would not have bought this kit if I knew how shoddy the curler actually was, even though the other stuff is nice.']"
136,20,136_easy hair_buy feel_grooming_ingrown hairs,"['easy hair', 'buy feel', 'grooming', 'ingrown hairs', 'usual brand', 'small wear', 'reviews tried', 'bought walmart', 'head purchased', 'quality terrible']","['I brought this set with the intentions of using it and after opening it and seeing not only the quality is terrible but the tweezers are just awful. I do not use not one of the tweezers that can in this set! again I would not recommend', 'The first set I bought was perfect, just like the picture! ""Clam case, wonderful tools etc... I dropped and bent my hook tweezers and bought a whole new set to replace my tweezers and they were lighter, felt cheaper, and the tweezers I was hoping to replace with the ones that came in this new set did not line up properly at all and the Case they come in now has a zipper? Nothing like the picture and the quality is not as good as the that set I bought. Very sad 😢', ""Package was open when I opened my Amazon box and the contents were all rattling around the box with everything else I bought; if I wanted not-new, open tools I use on my face I could've spent my money on those. However, I choose to purchase this set and was under the impression it was new and unopened. I have to spend time disinfecting them and getting cardboard/packaging microfibers out of the tools now so it doesn't end up in my pores instead of just swiping it with a Lysol wipe and being on my way to fast, easy hair removal; which is annoying and not convenient and costs me more time grooming (which essentially annoys me anyway but I don't like to resemble a Sasquatch so I spend the time and money on this crap begrudgingly anyways), so at least send me new, in-the-package tools because that's what I paid for. Tweezers are ok quality, could have bought at Walmart for a couple of bucks but you can't really own too many pairs of tweezers. Eyebrow shaper is alright, I will stick to my usual brand in the future and could have bought a pack of 3 of my preferred brand for a couple bucks, they were just on sale at Sally's BOGO. The threading tool is kind of nifty. I'm still learning how to use it properly so I'm going to chalk the hair patches on the test spot on my arm as user error. All in all I feel &#34;meh&#34; about this purchase and probably will not buy it again. I feel indifferent about recommending to my girlfriends and if they ask about the threading tool, I'd probably tell them about how it was sent open and just go to a local Sally's.""]"
137,19,137_half bottle_plastic cover_came expired_liquid,"['half bottle', 'plastic cover', 'came expired', 'liquid', 'didn dry', 'thought perfect', 'expensive hand', 'nasty taste', 'makes mess', 'bottle serum']","['Love this product, but the tubes came either expired (does it expire?) or maybe subjected to extreme temps? Either way, the cream is separated in the tubes into oil and water, making it completely un-spreadable. It just sticks to your fingers and makes a mess on baby’s tush. Doesn’t form a thin protective layer as usual. Will buy elsewhere where I can be assured the real deal is in the tubes.', 'Not sure how this cream is maximum moisture. I have used other BWC products and love them. The Renewal Cream w/CoQ10 and their Aloe toner are two of my favorites. I thought I might try this Maximum Moisture as a night cream but did not find it any more moisturizing than Renewal Cream w/CoQ10. Obviously, it may work well for others. I like the consistency and scent but it did not work for me.', 'I put cream in it and I was so excited to be able to apply cream to my back then boom I couldn’t get the plastic cover off !!! It’s stuck and it doesn’t t come off …<br />I’m waiting to get a bag large enough do it can be returned cream and all !!<br />Don’t purchase!!']"
138,19,138_straight package_happy product_makes hair_tangle easily,"['straight package', 'happy product', 'makes hair', 'tangle easily', 'package opened', 'hair giving', 'hair make', 'fragrance', 'awful hair', 'did hair']","['Straight out of package it had a disgusting smell, absolutely disgusting and discouraging to wear. It does knot and tangle very easily. Not happy with this product.', 'Hair has a strong disgusting odor reminds me of really really bad breath..tried airing doesn’t work.. don’t buy not a good quality', 'Smells terrible, like a cheap mens cologne. For a more ""natural"" product they really overlooked the synthetic fragrance. My scalp and roots don\'t feel very weightless but my ends are soft. But the feel doesn\'t matter very much when the smell of my own hair is giving me a headache.']"
139,19,139_sucks_sucks does_does_doesnt,"['sucks', 'sucks does', 'does', 'doesnt', 'did', 'doesn', 'didn work', 'simply', 'hoped', 'didn']","['Did not work at all.', 'Did not work at all', 'Did not work at all.']"
140,19,140_started peel_really bummed_bummed_wash,"['started peel', 'really bummed', 'bummed', 'wash', 'rubbing', 'incredibly', 'good', 'bummed wanted', 'looks good', 'hard cracked']","['Hard as a rock, going back', 'Hard as a rock.', ""Hard to get on by yourself because of the size.  It felt hard and cracked almost immediately.  Looks good from afar for sure.  But it didn't last at all.  I put it on yesterday morning and by midday, it was already rubbing away. And by the end of the night only trace black specks were left.  Really bummed... I wanted it to last longer so I could get a real feel for having a sleeve.""]"
141,19,141_hair tie_hair textures_look fine_bought headbands,"['hair tie', 'hair textures', 'look fine', 'bought headbands', 'clip hair', 'picture description', 'headband', 'good color', 'recommend cheap', 'wear recommend']","['bow very very large', 'The bows themselves are adorable! The bows arrived however in a sealed bag full of moisture and they smelled of mildew. I should have returned them however I washed, sanitized and dried them and fortunately they look fine. It is very concerning however that they arrived in such a state as the bows themselves are cute.', 'One of my bows fell off but these are okay']"
142,19,142_return hair_way tried_request refund_refund hair,"['return hair', 'way tried', 'request refund', 'refund hair', 'good texture', 'sick', 'fake', 'store don', 'hair weft', 'higher quality']","[""It was very thin but hair was good. My biggest problem was the parting. The way the hair is sewn in it it looks deliberate and very stiff. Your obligated to have a part because the hair falls that way. I tried to loosen it up by plucking it some but didnt help and I'm not a pro and took to much off one side. I wish they would just make it as a free part closure. I hate wigs and closures where that swoop is in the front and hard to lay flat. I would purchase hair again but not the closures"", 'Personally did not like it. I don’t know if it was because I have thick hair but it would not hold. the piece that I suppose to slide in between kept falling of right after I would do my hair. Tried smaller strands had no succes just holded a bit longer & by that I mean a few minutes without much movement. Really wanted to love this but was disappointed when I thought it would finally last and took it on the go & the piece fell and never found again to return.', 'I purchased this hair thinking I was purchasing quality hair I was sadly mistaken! When I took the hair out of the packaging it appeared to be very thin from the middle down. I didn’t let that count the hair out I still installed it. Once installed you could really see that the hair was thin and had a bunch of split ends. I had to put heat on the hair to control the split ends. I do not recommend this hair at all it is total waste of your money. I have definitely purchased way better hair than this for the same price!']"
143,19,143_try_hard use_false_trying,"['try', 'hard use', 'false', 'trying', 'use really', 'use', 'authentic', 'longer', 'length barely', 'use straight']","['It took longer then shipping date to come and not true to length', 'Definitely not true to length!!! Will be sending back immediately!!', 'The 16  is NOT TRUE TO LENGTH  AFTER WASH']"
144,18,144_product doesn_long product_doesn long_didnt long,"['product doesn', 'long product', 'doesn long', 'didnt long', 'did', 'lasted', 'product', 'longer did', 'doesn half', 'didnt']","['Doesn’t last as long as I wish it would', 'Didn’t last a day. Used it and it was fine the first 20 minutes. Now it goes slow.', ""Didn't last one day.""]"
145,18,145_product love_water product_worst shampoo_changed scent,"['product love', 'water product', 'worst shampoo', 'changed scent', 'bought shampoo', 'care scent', 'herbal essence', 'upset product', 'funky smell', 'years bottle']","['The design seemed to be nice but when you put the shampoo inside it’s difficult to line up to put the top on. Once I got the top on the shampoo didn’t come out easily it requires me to squeeze it extremely hard just for a small drop. I should have just bought some shampoo gloves because this was a waste!', 'I’m very upset about this product.  I’ve bought this before from a different store and the shampoo is EXCELLENT, the shampoo is thick and smooth and leaves your hair feeling amazing… however, the seal in this brand “new” bottle I received was open, and the shampoo was almost as thin as water.  Someone obviously dumped more than half of this shampoo in a different container, added water and returned it.  Please check your products before sending them to new clients.  I’m returning this one. I’m not paying so much for a water down product.', ""I agree with the previous reviewer, the same thing happened to me. I love Aveeno's products, especially their shampoo/conditioner, but the packing was TERRIBLE. I ordered the shampoo, along with a shower caddy, and for WHATEVER reason, the person who packed it decided it would be a good idea to throw both items in a box that was about four times too big, with NO padding whatsoever. You can only imagine the mess that I had whenever I opened the box. The pump is useless and about 1/10 of the bottle leaked all over the inside of the box. It wasn't worth the hassle of attempting to return it for a refund.""]"
146,18,146_hardly product_picture advertised_head_brushes set,"['hardly product', 'picture advertised', 'head', 'brushes set', 'recommend getting', 'brands problem', 'designs', 'worth crap', 'crap', 'printed']","['the konad plate that came with my stamper and scraper, sucked! the images doesnt even show up on your nail excepy partially. i think its a very old plate though. so im going to order the Bundle Monster set, i heard it works better, plus bigger images.', ""A couple plates came bent. Most of the images, I can't pick up with the stamper. Bad quality."", ""The clear stamper came just as described. I haven't actually used it on my nails yet but I have played around with it on some paper and it picks up the images perfectly. After reading some concerning reviews on other clear stampers I was hesitant to purchase this one. However, I have had no problems as of yet. The only flaw is that there are two little dent/scratches on the stamper head and I am afraid eventually it will lead to bigger dents/scratches. With it being so inexpensive I wouldn't mind purchasing another one for back-up, just in case. I do not use any scrapers that come with the stampers, as I use gift cards because they are much easier to use and swipe with.<br /><br />The stamper head is squishy but not marshmallow squishy. It is possible to squish on your nail without rolling, so long as you do not have extremely wide nail beds. It is a little hard to get used to being able to see through and it takes some practice getting it lined up exactly where you want, but it's easier once you do it a few times. As I stated earlier, the images are very crisp and clean when being picked up. Instead of squishing down like I did with my other stamper I instead try to roll/flick the stamper across. This is more for the fear of damaging the stamper, as I've read about others who did not have success with clear stampers.<br /><br />Make sure that when you use it you do not clean it with acetone/polish remover as it will eventually make the stamper head cloudy and no longer see through. Also, do not buff or anything before first use, I found that it picks up perfectly without having to do any of that.<br /><br />I highly recommend getting this stamper if you love to stamp but have problems with perfect placing, such as myself.<br /><br />*****UPDATE******<br /><br />I have no idea what happened but I've recently been trying to use this stamper and it will just not work. I've used so many different polishes, different brands and nothing! I had no problem at all and picked up images very well, however now it picks up less than half of the image which is extremely frustrating. I spent about 2 hours this morning doing all kinds of different things, using different polishes, using different techniques, different stamping plates and nothing is working! I've tried priming it like you would a non-clear stamper which includes wiping the head with acetone and buffing it with a file.""]"
147,18,147_awful product_reviews horrible_fake product_brand product,"['awful product', 'reviews horrible', 'fake product', 'brand product', 'look reviews', 'review product', 'reviews', 'real product', 'reviews purchasing', 'product brand']","['This is an awful product.  It does not work as demonstrated in the video at all.  I came back to look at the reviews and they are horrible.  But I am curious as to why 9 reviews are listed (that include 2,3,4 and 5 stars) but when you open the reviews to read them there are only 3 reviews and they are all only 1 star.', ""All the reviews listed were made in a 48-hour time frame, are 5-stars, and none of them are verified purchases! Looks sketchy.... I was interested in this product, but I'm not buying anytime soon!"", 'I was so excited to find this product and ready to purchase until I went through every 5 star review and found not even one reviewer was a verified purchase and they were all given the product!  How can you expect anyone to believe these reviews!']"
148,18,148_waste money_low quality_quality material_quality,"['waste money', 'low quality', 'quality material', 'quality', 'return', 'months return', 'material', 'money', 'poorly', 'dont waste']","['Fell apart too small', 'Fell apart', 'Fell apart']"
149,17,149_dont buy_don buy_bother buying_buying don,"['dont buy', 'don buy', 'bother buying', 'buying don', 'buying', 'buy worth', 'don bother', 'buy don', 'buy', 'don']","[""don't buy"", ""Don't buy…….."", ""Don't buy""]"
150,17,150_item worthless_item_face_didn come,"['item worthless', 'item', 'face', 'didn come', 'mess', 'hair face', 'face like', 'tiny hair', 'money', 'buy']","['Worthless', 'Worthless', 'Worthless & useless']"
151,16,151_didn hide_nope didn_work didn_didn work,"['didn hide', 'nope didn', 'work didn', 'didn work', 'didn', 'work did', 'did', 'work didnt', 'doesn work', 'did work']","[""Didn't work for me."", ""Didn't work for me"", 'Didn’t seem to work for me']"
152,16,152_quality worth_overall quality_product light_product expensive,"['quality worth', 'overall quality', 'product light', 'product expensive', 'light fragrance', 'eyeshadow', 'palette', 'color used', 'description picture', 'luminous']","['After reading all of the reviews of how ""great"" this product is, I bought it for the first time.  After one use, I had no idea why anyone would like this product as it is more expensive than some of the other primers and it did NOTHING!  This product does not even smoothen out pores and my pores barely show but it did nothing!  As far as the luminous shimmer that everyone liked, yes, when I put the product on my finger I could see it, but the shimmer was not there once I put it on.  There is zero reason that I found to like this product and as it settled into my fine lines, I liked it even less. Usually I am a positive person and find the benefit in everything, but not this time.  I will go back to my Smashbox Photo Finish as it at least covers pores, minimizes shine and does not settle into fine lines.', ""I opened the eyeshadow palette and the colors are stunning.  However they are all shimmer.  Once on the eye the shimmer fades but so does the color.  What is needed is a VERY good eye primer otherwise the color doesn't stay very long.  All 4 shades can be used as toppers for other shadows you may own."", ""I love and wear Clinique and know that it is quality makeup.  I specifically wanted a MATTEe eyeshadow.  I hate shimmer or frost shadow and never wear it.  I read the description over and over and stared at the photo.<br /> NOWHERE in the description (or in the picture for that matter) does it even hint that it is shimmer and not matte.  But when it was delivered and I looked at it, I knew instantly.  And of course, on the back of the package it says shimmer.  So I dropped over $30 on shimmer non-matte eyeshadow - exactly what I did not want.  So if seller wants to sell shimmer, you ought to say it's shimmer. Thoroughly disappointed.""]"
153,16,153_colors look_gorilla glue_peel_strips,"['colors look', 'gorilla glue', 'peel', 'strips', 'scrape', 'faded', 'super sticky', 'easy use', 'haven used', 'worked unfortunately']","[""I was upset because it just came with one strip for 5$ I thought it was more. I haven't even used these yet but it seems nice cause it comes with a file and a orange stick"", 'The strip didn’t work better off using a biore strip', ""These are super sticky, and darn near impossible to peel off without marring the edges of the Henna application.  I tried these 2 times once with a bunch of henna, and again with henna then using a business card to scrape off the excess.  Neither method worked unfortunately.  I now have left over stencils that I will never use.  I ended up having to go back over the edges to create a nice edge, even then I didn't like the result.""]"
154,16,154_use eyebrow_face waste_hair eyebrow_eyebrow,"['use eyebrow', 'face waste', 'hair eyebrow', 'eyebrow', 'dry apply', 'shave close', 'eye makeup', 'brow', 'eye brow', 'stay skin']","['This is the 2nd eye brow tattoo pen I’ve used. This one does not compare with the first one (different brand). It was great the first time I used it. The second time, it was not as pigmented. I had to go over my brows several times, and it started to flake. I’m not sure if it’s the applicator or the product. But the more I reapplied, the more it flaked. I’m super disappointed, and definitely not buying again.', ""This eyebrow pen is terrible. It is like drawing on your skin with a pencil, no matter how hard you push the ink just doesn't come out. Don't waste your time!"", 'I mean really irritating that eyebrow men is impossible to mark your eyebrow, but her you can draw a gorgeous eyebrow on your hand not an issue.  as soon as you start on your eyebrow, the pen stop as soon as it touches near hair.']"
155,16,155_purchase worst_buy looks_worst buy_hair,"['purchase worst', 'buy looks', 'worst buy', 'hair', 'worst', 'looks', 'buy won', 'looks like', 'bad', 'purchase']","['Nothing too great, but ok . Won’t buy again', 'Won’t buy again.... keeps slipping out of my hair....', 'Won’t buy this again']"
156,16,156_small dry_dry_small like_really small,"['small dry', 'dry', 'small like', 'really small', 'tiny size', 'half size', 'strong unpleasant', 'small cheap', 'tiny', 'small tiny']","['I should have read the description didn’t realize how small these were lol. Tried returning them but couldn’t :/', 'They are super small. The pictures make it look bigger then they are. They are about the size of a barbie shoe.', 'My wife got these things. She thought they would be smaller. They’re huge. She didn’t like them cause they’re so big.']"
157,16,157_cheap_extremely cheap_cheaply really_quality,"['cheap', 'extremely cheap', 'cheaply really', 'quality', 'cheaply', 'good quality', 'terrible', 'small cheaply', 'cheap feeling', 'fabric']","['Very uncomfortable', 'They are uncomfortable..', 'Very uncomfortable']"
158,16,158_product gave_horrible rash_product took_took weeks,"['product gave', 'horrible rash', 'product took', 'took weeks', 'product days', 'want try', 'dermatologist', 'product', 'horrible', 'cream']","[""I bought this product 1week ago and applied my concerned area of shoulder, upper arm and front/back neck immediately recieved the product. It's been 3 days applied am and pm, total of 6 times. And it began of irritaion as itchy, breakout and rashes all over area i applie from day 2, 4th application. I didn't realize irriation was related this product until I wash them out now. Itchying is stopped, but rash are still remain. Who should i claim this to ?? I will return this product tomorrow."", 'Broke my daughter’s face out and made such a horrible rash!!! I had to use steroid cream to get rid of the rash!!', 'After using I then read information on the rash it &quot;may&quot; cause<br />We received whelps &amp; a horrible rash from the use<br />They give opinions how to get rid of this rash with whelps then use again .... yet if you experience the rash etc we did NOT want to try again']"
159,16,159_bad_really bad_item_item purchased,"['bad', 'really bad', 'item', 'item purchased', 'purchase item', 'product received', 'know product', 'product expired', 'opened product', 'expired']","[""Bought 3 boxes, all boxes do not have any expiration date. Boxes read shelf life 2 years. Without any manufactured & expiration dates, I won't use them. Disappointed."", 'The expiration shown on package is Dec 12, 2021 (16.12.2021)<br />It cannot be returned so I opened the box to try it. Sickly sweet. A label put outside on the bubble wrap showed an expiration date of 12-16-2024.', 'No the manufactured date! No expiration date ! The bottle is not sealed!  The oil smells BAD!']"
160,16,160_really cheap_cheaply really_horrible cheap_cheap,"['really cheap', 'cheaply really', 'horrible cheap', 'cheap', 'waste money', 'cheaply', 'money cheap', 'worth money', 'cheap worth', 'horrible']","['Cheaply made', 'Cheaply made', 'Cheaply made']"
161,15,161_dry cracked_using product_anti wrinkle_glue skin,"['dry cracked', 'using product', 'anti wrinkle', 'glue skin', 'dried glue', 'tell product', 'wrinkle', 'wrinkles', 'wrinkles did', 'serums']","[""As a working mom of 3 i normally don't take the time to write any reviews.  However, in this case I felt compelled to do so.  When I received the above cream it felt nice and smooth but i didn't see any of the usual result that i had seen from using other products that contain &#34;retinol&#34;.  Then i read the ingredient list on the back of the container, which they don't show you when purchasing over the internet or Amazon, and sure enough retinol was NOT even listed as an ingredient...which explains why the product does not work.  Save your money, don't buy this product...buy something else where you can confirm the retinol ingredient.<br />I hope this is helpful for others.  DGS"", ""I'm not satisfied with the cream. Every morning during the first week I used it, I got extremely frustrated. It doesn't work well under makeup. It's kind of hard to explain. I don't know if it's because the cream is somewhat sticky. When I apply concealer over the cream, it just won't stick. The concealer starts to clump and doesn't stay. I don't have this issue with other creams.<br /><br />I'm disappointed with my purchase, and I wish I hadn't spent almost $20 on it. I wanted to like it, but it's not a cream I can use every morning before putting on makeup.<br /><br />In the email Stacy sent me after my purchase she writes, &#34;If for any reason you have any issues whatsoever with your Anti-wrinkle Face and Eye Cream, please make sure to contact me. Your satisfaction is my #1 priority! Even if that means sending you another one or giving you a refund, I’m happy to do it.&#34;<br /><br />I replied to Stacy three weeks ago, and I haven't heard back. Where's my refund??"", ""Well, I've tried my first retinol cream and am unimpressed. One can purchase this at the Dollar Tree for $1.00 so I'm glad I didn't waste too much money. I've used this for over 2 weeks and I am going to stop immediately! My face is combination to oily depending on time of year, hormones and/or stress. This moisturizer is labeled &#34;hypo-allergenic oil free daily retinol facial cream with vitamin A & E&#34;. You're supposed to use it daily and see great results. What I see and am experiencing is an actual increasing of fine lines and a tautening of my skin that makes everything look old and dry. So it's made things worse! It also smells which is surprising since it's supposed to be hypo-allergenic. On the search for a better product with retinol! Going back to using St. Ives to repair the damage this has done first though.""]"
162,15,162_twisting_greasy_gross_toothpick,"['twisting', 'greasy', 'gross', 'toothpick', 'wash hands', 'wash', 'product old', 'hands shape', 'half looks', 'came']","['The shape of the  tubes were nice. However I’m returning them because every tube was scratched up.', 'I really wanted to like this. I don’t know if it was a bad tube or not but it is next to impossible to squeeze it out of the tube. I’ve tried a toothpick and does not seemed to be clogged. It is also so greasy you can not even wash it off your hands.', 'Don’t like it, it was very light and hard to get out the tube.']"
163,15,163_item_total crap_crap_best,"['item', 'total crap', 'crap', 'best', 'total', 'just', 'joke', 'crap best', 'worst', 'thing']","['not my favorite item', 'Total crap', 'Not my favorite.']"
164,15,164_quality product_product came_incredibly_fake look,"['quality product', 'product came', 'incredibly', 'fake look', 'purchased different', 'fake', 'rubbed', 'worth 11', 'terrible quality', 'disappointed great']","['Such great potential—but flowers fell off before I could use them.', 'Cheap and flimsy. Flowers were falling off.', 'I bought this for my sister as a birthday gift. It was much lower quality than I was expecting and the flower looked cheaper than in the photos, I thought. Still gave it to her and she liked it, but the flower fell off the setting in just three days. We had to try and glue it on with out staining the flower or the chain. Probably going to break again soon. I expected a little more to be honest.']"
165,15,165_box braids_soft silk_bonnets_sewing,"['box braids', 'soft silk', 'bonnets', 'sewing', 'braided', 'bonnet', 'cosmetology', 'silk', 'elastic', 'velcro']","['Not Satin idk what the hell the material is but i have locs..i cant use this bonnet makes my hair dry out and brittle', ""Material was okay but the sewing job to put these bonnets together was done by a 2 yr old.<br />Threads loose, overlapping and in one photo completely missing. Very cheaply made and may not last one night. I purchased for my great granddaughter to keep her hair neat while sleeping. These bonnets will not work if the thread tears in the middle of the night.<br />Good thing I didn't buy as a gift for someone else.<br />I will never order from this company or small business again."", 'Satin is not silk! The satin scarf snatched out some of my edges in the back of my head. Doesn’t stay on. Definitely not good. Spend the extra money and get 100% SILK!']"
